Document_Name,Row_Ordinal,History_Competition,Home_Team,Away_Team,Score,Annotation,Played_At,Source_Class,Source_Name,Source_Url,Source_Revision,Source_Match_Id,Verified_At
away-history-b04.csv,1,1.BL,VfB Stuttgart,Bayer 04 Leverkusen,3:1,,2026-05-09,revision-pinned-dataset,transfermarkt-datasets,https://www.transfermarkt.co.uk/vfb-stuttgart_bayer-04-leverkusen/index/spielbericht/4634534,154367dfa6d6eb0b86332e332f9df0a080c7ddce,4634534,2026-08-21T16:45:00+02:00
away-history-b04.csv,2,1.BL,1. FC Köln,Bayer 04 Leverkusen,1:2,,2026-04-25,revision-pinned-dataset,transfermarkt-datasets,https://www.transfermarkt.co.uk/1-fc-koln_bayer-04-leverkusen/index/spielbericht/4634502,154367dfa6d6eb0b86332e332f9df0a080c7ddce,4634502,2026-08-21T16:45:00+02:00
away-history-b04.csv,3,1.BL,Borussia Dortmund,Bayer 04 Leverkusen,0:1,,2026-04-11,revision-pinned-dataset,transfermarkt-datasets,https://www.transfermarkt.co.uk/borussia-dortmund_bayer-04-leverkusen/index/spielbericht/4634459,154367dfa6d6eb0b86332e332f9df0a080c7ddce,4634459,2026-08-21T16:45:00+02:00
away-history-b04.csv,4,1.BL,1. FC Heidenheim 1846,Bayer 04 Leverkusen,3:3,,2026-03-21,revision-pinned-dataset,transfermarkt-datasets,https://www.transfermarkt.co.uk/1-fc-heidenheim-1846_bayer-04-leverkusen/index/spielbericht/4634430,154367dfa6d6eb0b86332e332f9df0a080c7ddce,4634430,2026-08-21T16:45:00+02:00
away-history-b04.csv,5,CL,FC Arsenal,Bayer 04 Leverkusen,2:0,,2026-03-17,revision-pinned-dataset,transfermarkt-datasets,https://www.transfermarkt.co.uk/spielbericht/index/spielbericht/4814369,154367dfa6d6eb0b86332e332f9df0a080c7ddce,4814369,2026-08-21T16:45:00+02:00
away-history-b04.csv,6,1.BL,SC Freiburg,Bayer 04 Leverkusen,3:3,,2026-03-07,revision-pinned-dataset,transfermarkt-datasets,https://www.transfermarkt.co.uk/sc-freiburg_bayer-04-leverkusen/index/spielbericht/4634388,154367dfa6d6eb0b86332e332f9df0a080c7ddce,4634388,2026-08-21T16:45:00+02:00
away-history-b04.csv,7,1.BL,Hamburger SV,Bayer 04 Leverkusen,0:1,,2026-03-04,revision-pinned-dataset,transfermarkt-datasets,https://www.transfermarkt.co.uk/hamburger-sv_bayer-04-leverkusen/index/spielbericht/4634280,154367dfa6d6eb0b86332e332f9df0a080c7ddce,4634280,2026-08-21T16:45:00+02:00
away-history-bmg.csv,1,1.BL,FC Augsburg,Bor. Mönchengladbach,3:1,,2026-05-09,revision-pinned-dataset,transfermarkt-datasets,https://www.transfermarkt.co.uk/fc-augsburg_borussia-monchengladbach/index/spielbericht/4634536,154367dfa6d6eb0b86332e332f9df0a080c7ddce,4634536,2026-08-21T16:45:00+02:00
away-history-bmg.csv,2,1.BL,VfL Wolfsburg,Bor. Mönchengladbach,0:0,,2026-04-25,revision-pinned-dataset,transfermarkt-datasets,https://www.transfermarkt.co.uk/vfl-wolfsburg_borussia-monchengladbach/index/spielbericht/4634499,154367dfa6d6eb0b86332e332f9df0a080c7ddce,4634499,2026-08-21T16:45:00+02:00
away-history-bmg.csv,3,1.BL,RB Leipzig,Bor. Mönchengladbach,1:0,,2026-04-11,revision-pinned-dataset,transfermarkt-datasets,https://www.transfermarkt.co.uk/rb-leipzig_borussia-monchengladbach/index/spielbericht/4634461,154367dfa6d6eb0b86332e332f9df0a080c7ddce,4634461,2026-08-21T16:45:00+02:00
away-history-bmg.csv,4,1.BL,1. FC Köln,Bor. Mönchengladbach,3:3,,2026-03-21,revision-pinned-dataset,transfermarkt-datasets,https://www.transfermarkt.co.uk/1-fc-koln_borussia-monchengladbach/index/spielbericht/4634431,154367dfa6d6eb0b86332e332f9df0a080c7ddce,4634431,2026-08-21T16:45:00+02:00
away-history-bmg.csv,5,1.BL,FC Bayern München,Bor. Mönchengladbach,4:1,,2026-03-06,revision-pinned-dataset,transfermarkt-datasets,https://www.transfermarkt.co.uk/bayern-munich_borussia-monchengladbach/index/spielbericht/4634387,154367dfa6d6eb0b86332e332f9df0a080c7ddce,4634387,2026-08-21T16:45:00+02:00
away-history-bmg.csv,6,1.BL,SC Freiburg,Bor. Mönchengladbach,2:1,,2026-02-22,revision-pinned-dataset,transfermarkt-datasets,https://www.transfermarkt.co.uk/sc-freiburg_borussia-monchengladbach/index/spielbericht/4634361,154367dfa6d6eb0b86332e332f9df0a080c7ddce,4634361,2026-08-21T16:45:00+02:00
away-history-bmg.csv,7,1.BL,Eintracht Frankfurt,Bor. Mönchengladbach,3:0,,2026-02-14,revision-pinned-dataset,transfermarkt-datasets,https://www.transfermarkt.co.uk/eintracht-frankfurt_borussia-monchengladbach/index/spielbericht/4634343,154367dfa6d6eb0b86332e332f9df0a080c7ddce,4634343,2026-08-21T16:45:00+02:00
away-history-hsv.csv,1,1.BL,Bayer 04 Leverkusen,Hamburger SV,1:1,,2026-05-16,revision-pinned-dataset,transfermarkt-datasets,https://www.transfermarkt.co.uk/bayer-04-leverkusen_hamburger-sv/index/spielbericht/4634550,154367dfa6d6eb0b86332e332f9df0a080c7ddce,4634550,2026-08-21T16:45:00+02:00
away-history-hsv.csv,2,1.BL,Eintracht Frankfurt,Hamburger SV,1:2,,2026-05-02,revision-pinned-dataset,transfermarkt-datasets,https://www.transfermarkt.co.uk/eintracht-frankfurt_hamburger-sv/index/spielbericht/4634515,154367dfa6d6eb0b86332e332f9df0a080c7ddce,4634515,2026-08-21T16:45:00+02:00
away-history-hsv.csv,3,1.BL,Werder Bremen,Hamburger SV,3:1,,2026-04-18,revision-pinned-dataset,transfermarkt-datasets,https://www.transfermarkt.co.uk/sv-werder-bremen_hamburger-sv/index/spielbericht/4634481,154367dfa6d6eb0b86332e332f9df0a080c7ddce,4634481,2026-08-21T16:45:00+02:00
away-history-hsv.csv,4,1.BL,VfB Stuttgart,Hamburger SV,4:0,,2026-04-12,revision-pinned-dataset,transfermarkt-datasets,https://www.transfermarkt.co.uk/vfb-stuttgart_hamburger-sv/index/spielbericht/4634462,154367dfa6d6eb0b86332e332f9df0a080c7ddce,4634462,2026-08-21T16:45:00+02:00
away-history-hsv.csv,5,1.BL,Borussia Dortmund,Hamburger SV,3:2,,2026-03-21,revision-pinned-dataset,transfermarkt-datasets,https://www.transfermarkt.co.uk/borussia-dortmund_hamburger-sv/index/spielbericht/4634424,154367dfa6d6eb0b86332e332f9df0a080c7ddce,4634424,2026-08-21T16:45:00+02:00
away-history-hsv.csv,6,1.BL,VfL Wolfsburg,Hamburger SV,1:2,,2026-03-07,revision-pinned-dataset,transfermarkt-datasets,https://www.transfermarkt.co.uk/vfl-wolfsburg_hamburger-sv/index/spielbericht/4634391,154367dfa6d6eb0b86332e332f9df0a080c7ddce,4634391,2026-08-21T16:45:00+02:00
away-history-hsv.csv,7,1.BL,FSV Mainz 05,Hamburger SV,1:1,,2026-02-20,revision-pinned-dataset,transfermarkt-datasets,https://www.transfermarkt.co.uk/1-fsv-mainz-05_hamburger-sv/index/spielbericht/4634362,154367dfa6d6eb0b86332e332f9df0a080c7ddce,4634362,2026-08-21T16:45:00+02:00
away-history-s04.csv,1,2.BL,1. FC Nürnberg,FC Schalke 04,3:0,,2026-05-09,captured-odbl-response,OpenLigaDB,https://api.openligadb.de/getmatchdata/bl2/2025,83dbea21fe56c30ed2393dd888efede627cbdf7b26c5694f14753cf792af6a84,78240,2026-08-21T16:45:00+02:00
away-history-s04.csv,2,2.BL,SC Paderborn 07,FC Schalke 04,2:3,,2026-04-26,captured-odbl-response,OpenLigaDB,https://api.openligadb.de/getmatchdata/bl2/2025,83dbea21fe56c30ed2393dd888efede627cbdf7b26c5694f14753cf792af6a84,78218,2026-08-21T16:45:00+02:00
away-history-s04.csv,3,2.BL,SV Elversberg,FC Schalke 04,1:2,,2026-04-12,captured-odbl-response,OpenLigaDB,https://api.openligadb.de/getmatchdata/bl2/2025,83dbea21fe56c30ed2393dd888efede627cbdf7b26c5694f14753cf792af6a84,78200,2026-08-21T16:45:00+02:00
away-history-s04.csv,4,2.BL,SV Darmstadt 98,FC Schalke 04,1:1,,2026-03-21,captured-odbl-response,OpenLigaDB,https://api.openligadb.de/getmatchdata/bl2/2025,83dbea21fe56c30ed2393dd888efede627cbdf7b26c5694f14753cf792af6a84,78188,2026-08-21T16:45:00+02:00
away-history-s04.csv,5,2.BL,SpVgg Greuther Fürth,FC Schalke 04,1:1,,2026-02-28,captured-odbl-response,OpenLigaDB,https://api.openligadb.de/getmatchdata/bl2/2025,83dbea21fe56c30ed2393dd888efede627cbdf7b26c5694f14753cf792af6a84,78159,2026-08-21T16:45:00+02:00
away-history-s04.csv,6,2.BL,Holstein Kiel,FC Schalke 04,1:2,,2026-02-15,captured-odbl-response,OpenLigaDB,https://api.openligadb.de/getmatchdata/bl2/2025,83dbea21fe56c30ed2393dd888efede627cbdf7b26c5694f14753cf792af6a84,78136,2026-08-21T16:45:00+02:00
away-history-s04.csv,7,2.BL,VfL Bochum,FC Schalke 04,2:0,,2026-01-31,captured-odbl-response,OpenLigaDB,https://api.openligadb.de/getmatchdata/bl2/2025,83dbea21fe56c30ed2393dd888efede627cbdf7b26c5694f14753cf792af6a84,78119,2026-08-21T16:45:00+02:00
away-history-scp.csv,1,Releg,VfL Wolfsburg,SC Paderborn 07,0:0,,2026-05-21,captured-odbl-response,OpenLigaDB,https://api.openligadb.de/getmatchdata/rel/2025,0cbe277ed6539364eb4f9f2122e4af33e2e10a5797e159382b27908a74e08d8e,81658,2026-08-21T16:45:00+02:00
away-history-scp.csv,2,2.BL,SV Darmstadt 98,SC Paderborn 07,0:2,,2026-05-17,captured-odbl-response,OpenLigaDB,https://api.openligadb.de/getmatchdata/bl2/2025,83dbea21fe56c30ed2393dd888efede627cbdf7b26c5694f14753cf792af6a84,78248,2026-08-21T16:45:00+02:00
away-history-scp.csv,3,2.BL,SV Elversberg,SC Paderborn 07,5:1,,2026-05-03,captured-odbl-response,OpenLigaDB,https://api.openligadb.de/getmatchdata/bl2/2025,83dbea21fe56c30ed2393dd888efede627cbdf7b26c5694f14753cf792af6a84,78227,2026-08-21T16:45:00+02:00
away-history-scp.csv,4,2.BL,Hannover 96,SC Paderborn 07,1:1,,2026-04-18,captured-odbl-response,OpenLigaDB,https://api.openligadb.de/getmatchdata/bl2/2025,83dbea21fe56c30ed2393dd888efede627cbdf7b26c5694f14753cf792af6a84,78211,2026-08-21T16:45:00+02:00
away-history-scp.csv,5,2.BL,SpVgg Greuther Fürth,SC Paderborn 07,0:2,,2026-04-05,captured-odbl-response,OpenLigaDB,https://api.openligadb.de/getmatchdata/bl2/2025,83dbea21fe56c30ed2393dd888efede627cbdf7b26c5694f14753cf792af6a84,78194,2026-08-21T16:45:00+02:00
away-history-scp.csv,6,2.BL,Arminia Bielefeld,SC Paderborn 07,2:2,,2026-03-14,captured-odbl-response,OpenLigaDB,https://api.openligadb.de/getmatchdata/bl2/2025,83dbea21fe56c30ed2393dd888efede627cbdf7b26c5694f14753cf792af6a84,78179,2026-08-21T16:45:00+02:00
away-history-scp.csv,7,2.BL,1. FC Kaiserslautern,SC Paderborn 07,1:2,,2026-02-28,captured-odbl-response,OpenLigaDB,https://api.openligadb.de/getmatchdata/bl2/2025,83dbea21fe56c30ed2393dd888efede627cbdf7b26c5694f14753cf792af6a84,78157,2026-08-21T16:45:00+02:00
away-history-sge.csv,1,1.BL,Borussia Dortmund,Eintracht Frankfurt,3:2,,2026-05-08,revision-pinned-dataset,transfermarkt-datasets,https://www.transfermarkt.co.uk/borussia-dortmund_eintracht-frankfurt/index/spielbericht/4634531,154367dfa6d6eb0b86332e332f9df0a080c7ddce,4634531,2026-08-21T16:45:00+02:00
away-history-sge.csv,2,1.BL,FC Augsburg,Eintracht Frankfurt,1:1,,2026-04-25,revision-pinned-dataset,transfermarkt-datasets,https://www.transfermarkt.co.uk/fc-augsburg_eintracht-frankfurt/index/spielbericht/4634500,154367dfa6d6eb0b86332e332f9df0a080c7ddce,4634500,2026-08-21T16:45:00+02:00
away-history-sge.csv,3,1.BL,VfL Wolfsburg,Eintracht Frankfurt,1:2,,2026-04-11,revision-pinned-dataset,transfermarkt-datasets,https://www.transfermarkt.co.uk/vfl-wolfsburg_eintracht-frankfurt/index/spielbericht/4634463,154367dfa6d6eb0b86332e332f9df0a080c7ddce,4634463,2026-08-21T16:45:00+02:00
away-history-sge.csv,4,1.BL,FSV Mainz 05,Eintracht Frankfurt,2:1,,2026-03-22,revision-pinned-dataset,transfermarkt-datasets,https://www.transfermarkt.co.uk/1-fsv-mainz-05_eintracht-frankfurt/index/spielbericht/4634425,154367dfa6d6eb0b86332e332f9df0a080c7ddce,4634425,2026-08-21T16:45:00+02:00
away-history-sge.csv,5,1.BL,FC St. Pauli,Eintracht Frankfurt,0:0,,2026-03-08,revision-pinned-dataset,transfermarkt-datasets,https://www.transfermarkt.co.uk/fc-st-pauli_eintracht-frankfurt/index/spielbericht/4634393,154367dfa6d6eb0b86332e332f9df0a080c7ddce,4634393,2026-08-21T16:45:00+02:00
away-history-sge.csv,6,1.BL,FC Bayern München,Eintracht Frankfurt,3:2,,2026-02-21,revision-pinned-dataset,transfermarkt-datasets,https://www.transfermarkt.co.uk/bayern-munich_eintracht-frankfurt/index/spielbericht/4634360,154367dfa6d6eb0b86332e332f9df0a080c7ddce,4634360,2026-08-21T16:45:00+02:00
away-history-sge.csv,7,1.BL,1. FC Union Berlin,Eintracht Frankfurt,1:1,,2026-02-06,revision-pinned-dataset,transfermarkt-datasets,https://www.transfermarkt.co.uk/1-fc-union-berlin_eintracht-frankfurt/index/spielbericht/4634329,154367dfa6d6eb0b86332e332f9df0a080c7ddce,4634329,2026-08-21T16:45:00+02:00
away-history-svw.csv,1,1.BL,1899 Hoffenheim,Werder Bremen,1:0,,2026-05-09,revision-pinned-dataset,transfermarkt-datasets,https://www.transfermarkt.co.uk/tsg-1899-hoffenheim_sv-werder-bremen/index/spielbericht/4634537,154367dfa6d6eb0b86332e332f9df0a080c7ddce,4634537,2026-08-21T16:45:00+02:00
away-history-svw.csv,2,1.BL,VfB Stuttgart,Werder Bremen,1:1,,2026-04-26,revision-pinned-dataset,transfermarkt-datasets,https://www.transfermarkt.co.uk/vfb-stuttgart_sv-werder-bremen/index/spielbericht/4634498,154367dfa6d6eb0b86332e332f9df0a080c7ddce,4634498,2026-08-21T16:45:00+02:00
away-history-svw.csv,3,1.BL,1. FC Köln,Werder Bremen,3:1,,2026-04-12,revision-pinned-dataset,transfermarkt-datasets,https://www.transfermarkt.co.uk/1-fc-koln_sv-werder-bremen/index/spielbericht/4634467,154367dfa6d6eb0b86332e332f9df0a080c7ddce,4634467,2026-08-21T16:45:00+02:00
away-history-svw.csv,4,1.BL,VfL Wolfsburg,Werder Bremen,0:1,,2026-03-21,revision-pinned-dataset,transfermarkt-datasets,https://www.transfermarkt.co.uk/vfl-wolfsburg_sv-werder-bremen/index/spielbericht/4634427,154367dfa6d6eb0b86332e332f9df0a080c7ddce,4634427,2026-08-21T16:45:00+02:00
away-history-svw.csv,5,1.BL,1. FC Union Berlin,Werder Bremen,1:4,,2026-03-08,revision-pinned-dataset,transfermarkt-datasets,https://www.transfermarkt.co.uk/1-fc-union-berlin_sv-werder-bremen/index/spielbericht/4634392,154367dfa6d6eb0b86332e332f9df0a080c7ddce,4634392,2026-08-21T16:45:00+02:00
away-history-svw.csv,6,1.BL,FC St. Pauli,Werder Bremen,2:1,,2026-02-22,revision-pinned-dataset,transfermarkt-datasets,https://www.transfermarkt.co.uk/fc-st-pauli_sv-werder-bremen/index/spielbericht/4634366,154367dfa6d6eb0b86332e332f9df0a080c7ddce,4634366,2026-08-21T16:45:00+02:00
away-history-svw.csv,7,1.BL,SC Freiburg,Werder Bremen,1:0,,2026-02-07,revision-pinned-dataset,transfermarkt-datasets,https://www.transfermarkt.co.uk/sc-freiburg_sv-werder-bremen/index/spielbericht/4634325,154367dfa6d6eb0b86332e332f9df0a080c7ddce,4634325,2026-08-21T16:45:00+02:00
away-history-tsg.csv,1,1.BL,Bor. Mönchengladbach,1899 Hoffenheim,4:0,,2026-05-16,revision-pinned-dataset,transfermarkt-datasets,https://www.transfermarkt.co.uk/borussia-monchengladbach_tsg-1899-hoffenheim/index/spielbericht/4634554,154367dfa6d6eb0b86332e332f9df0a080c7ddce,4634554,2026-08-21T16:45:00+02:00
away-history-tsg.csv,2,1.BL,Hamburger SV,1899 Hoffenheim,1:2,,2026-04-25,revision-pinned-dataset,transfermarkt-datasets,https://www.transfermarkt.co.uk/hamburger-sv_tsg-1899-hoffenheim/index/spielbericht/4634503,154367dfa6d6eb0b86332e332f9df0a080c7ddce,4634503,2026-08-21T16:45:00+02:00
away-history-tsg.csv,3,1.BL,FC Augsburg,1899 Hoffenheim,2:2,,2026-04-10,revision-pinned-dataset,transfermarkt-datasets,https://www.transfermarkt.co.uk/fc-augsburg_tsg-1899-hoffenheim/index/spielbericht/4634464,154367dfa6d6eb0b86332e332f9df0a080c7ddce,4634464,2026-08-21T16:45:00+02:00
away-history-tsg.csv,4,1.BL,RB Leipzig,1899 Hoffenheim,5:0,,2026-03-20,revision-pinned-dataset,transfermarkt-datasets,https://www.transfermarkt.co.uk/rb-leipzig_tsg-1899-hoffenheim/index/spielbericht/4634426,154367dfa6d6eb0b86332e332f9df0a080c7ddce,4634426,2026-08-21T16:45:00+02:00
away-history-tsg.csv,5,1.BL,1. FC Heidenheim 1846,1899 Hoffenheim,2:4,,2026-03-07,revision-pinned-dataset,transfermarkt-datasets,https://www.transfermarkt.co.uk/1-fc-heidenheim-1846_tsg-1899-hoffenheim/index/spielbericht/4634394,154367dfa6d6eb0b86332e332f9df0a080c7ddce,4634394,2026-08-21T16:45:00+02:00
away-history-tsg.csv,6,1.BL,1. FC Köln,1899 Hoffenheim,2:2,,2026-02-21,revision-pinned-dataset,transfermarkt-datasets,https://www.transfermarkt.co.uk/1-fc-koln_tsg-1899-hoffenheim/index/spielbericht/4634368,154367dfa6d6eb0b86332e332f9df0a080c7ddce,4634368,2026-08-21T16:45:00+02:00
away-history-tsg.csv,7,1.BL,FC Bayern München,1899 Hoffenheim,5:1,,2026-02-08,revision-pinned-dataset,transfermarkt-datasets,https://www.transfermarkt.co.uk/bayern-munich_tsg-1899-hoffenheim/index/spielbericht/4634324,154367dfa6d6eb0b86332e332f9df0a080c7ddce,4634324,2026-08-21T16:45:00+02:00
away-history-vfb.csv,1,DFB,FC Bayern München,VfB Stuttgart,3:0,,2026-05-23,captured-odbl-response,OpenLigaDB,https://api.openligadb.de/getmatchdata/dfb/2025,9d16d5d30e5882c592ec4d8b39b592ea0f102c2e2695da98897f76a87b6ec2a3,81581,2026-08-21T16:45:00+02:00
away-history-vfb.csv,2,1.BL,Eintracht Frankfurt,VfB Stuttgart,2:2,,2026-05-16,revision-pinned-dataset,transfermarkt-datasets,https://www.transfermarkt.co.uk/eintracht-frankfurt_vfb-stuttgart/index/spielbericht/4634551,154367dfa6d6eb0b86332e332f9df0a080c7ddce,4634551,2026-08-21T16:45:00+02:00
away-history-vfb.csv,3,1.BL,1899 Hoffenheim,VfB Stuttgart,3:3,,2026-05-02,revision-pinned-dataset,transfermarkt-datasets,https://www.transfermarkt.co.uk/tsg-1899-hoffenheim_vfb-stuttgart/index/spielbericht/4634521,154367dfa6d6eb0b86332e332f9df0a080c7ddce,4634521,2026-08-21T16:45:00+02:00
away-history-vfb.csv,4,1.BL,FC Bayern München,VfB Stuttgart,4:2,,2026-04-19,revision-pinned-dataset,transfermarkt-datasets,https://www.transfermarkt.co.uk/bayern-munich_vfb-stuttgart/index/spielbericht/4634477,154367dfa6d6eb0b86332e332f9df0a080c7ddce,4634477,2026-08-21T16:45:00+02:00
away-history-vfb.csv,5,1.BL,FC Augsburg,VfB Stuttgart,2:5,,2026-03-22,revision-pinned-dataset,transfermarkt-datasets,https://www.transfermarkt.co.uk/fc-augsburg_vfb-stuttgart/index/spielbericht/4634428,154367dfa6d6eb0b86332e332f9df0a080c7ddce,4634428,2026-08-21T16:45:00+02:00
away-history-vfb.csv,6,EL,FC Porto,VfB Stuttgart,2:0,,2026-03-19,revision-pinned-dataset,transfermarkt-datasets,https://www.transfermarkt.co.uk/spielbericht/index/spielbericht/4805916,154367dfa6d6eb0b86332e332f9df0a080c7ddce,4805916,2026-08-21T16:45:00+02:00
away-history-vfb.csv,7,1.BL,FSV Mainz 05,VfB Stuttgart,2:2,,2026-03-07,revision-pinned-dataset,transfermarkt-datasets,https://www.transfermarkt.co.uk/1-fsv-mainz-05_vfb-stuttgart/index/spielbericht/4634389,154367dfa6d6eb0b86332e332f9df0a080c7ddce,4634389,2026-08-21T16:45:00+02:00
home-history-bvb.csv,1,1.BL,Borussia Dortmund,Eintracht Frankfurt,3:2,,2026-05-08,revision-pinned-dataset,transfermarkt-datasets,https://www.transfermarkt.co.uk/borussia-dortmund_eintracht-frankfurt/index/spielbericht/4634531,154367dfa6d6eb0b86332e332f9df0a080c7ddce,4634531,2026-08-21T16:45:00+02:00
home-history-bvb.csv,2,1.BL,Borussia Dortmund,SC Freiburg,4:0,,2026-04-26,revision-pinned-dataset,transfermarkt-datasets,https://www.transfermarkt.co.uk/borussia-dortmund_sc-freiburg/index/spielbericht/4634495,154367dfa6d6eb0b86332e332f9df0a080c7ddce,4634495,2026-08-21T16:45:00+02:00
home-history-bvb.csv,3,1.BL,Borussia Dortmund,Bayer 04 Leverkusen,0:1,,2026-04-11,revision-pinned-dataset,transfermarkt-datasets,https://www.transfermarkt.co.uk/borussia-dortmund_bayer-04-leverkusen/index/spielbericht/4634459,154367dfa6d6eb0b86332e332f9df0a080c7ddce,4634459,2026-08-21T16:45:00+02:00
home-history-bvb.csv,4,1.BL,Borussia Dortmund,Hamburger SV,3:2,,2026-03-21,revision-pinned-dataset,transfermarkt-datasets,https://www.transfermarkt.co.uk/borussia-dortmund_hamburger-sv/index/spielbericht/4634424,154367dfa6d6eb0b86332e332f9df0a080c7ddce,4634424,2026-08-21T16:45:00+02:00
home-history-bvb.csv,5,1.BL,Borussia Dortmund,FC Augsburg,2:0,,2026-03-14,revision-pinned-dataset,transfermarkt-datasets,https://www.transfermarkt.co.uk/borussia-dortmund_fc-augsburg/index/spielbericht/4634407,154367dfa6d6eb0b86332e332f9df0a080c7ddce,4634407,2026-08-21T16:45:00+02:00
home-history-bvb.csv,6,1.BL,Borussia Dortmund,FC Bayern München,2:3,,2026-02-28,revision-pinned-dataset,transfermarkt-datasets,https://www.transfermarkt.co.uk/borussia-dortmund_bayern-munich/index/spielbericht/4634380,154367dfa6d6eb0b86332e332f9df0a080c7ddce,4634380,2026-08-21T16:45:00+02:00
home-history-bvb.csv,7,CL,Borussia Dortmund,Atalanta Bergamo,2:0,,2026-02-17,revision-pinned-dataset,transfermarkt-datasets,https://www.transfermarkt.co.uk/spielbericht/index/spielbericht/4814098,154367dfa6d6eb0b86332e332f9df0a080c7ddce,4814098,2026-08-21T16:45:00+02:00
home-history-bvb.csv,8,1.BL,Borussia Dortmund,FSV Mainz 05,4:0,,2026-02-13,revision-pinned-dataset,transfermarkt-datasets,https://www.transfermarkt.co.uk/borussia-dortmund_1-fsv-mainz-05/index/spielbericht/4634344,154367dfa6d6eb0b86332e332f9df0a080c7ddce,4634344,2026-08-21T16:45:00+02:00
home-history-fca.csv,1,1.BL,FC Augsburg,Bor. Mönchengladbach,3:1,,2026-05-09,revision-pinned-dataset,transfermarkt-datasets,https://www.transfermarkt.co.uk/fc-augsburg_borussia-monchengladbach/index/spielbericht/4634536,154367dfa6d6eb0b86332e332f9df0a080c7ddce,4634536,2026-08-21T16:45:00+02:00
home-history-fca.csv,2,1.BL,FC Augsburg,Eintracht Frankfurt,1:1,,2026-04-25,revision-pinned-dataset,transfermarkt-datasets,https://www.transfermarkt.co.uk/fc-augsburg_eintracht-frankfurt/index/spielbericht/4634500,154367dfa6d6eb0b86332e332f9df0a080c7ddce,4634500,2026-08-21T16:45:00+02:00
home-history-fca.csv,3,1.BL,FC Augsburg,1899 Hoffenheim,2:2,,2026-04-10,revision-pinned-dataset,transfermarkt-datasets,https://www.transfermarkt.co.uk/fc-augsburg_tsg-1899-hoffenheim/index/spielbericht/4634464,154367dfa6d6eb0b86332e332f9df0a080c7ddce,4634464,2026-08-21T16:45:00+02:00
home-history-fca.csv,4,1.BL,FC Augsburg,VfB Stuttgart,2:5,,2026-03-22,revision-pinned-dataset,transfermarkt-datasets,https://www.transfermarkt.co.uk/fc-augsburg_vfb-stuttgart/index/spielbericht/4634428,154367dfa6d6eb0b86332e332f9df0a080c7ddce,4634428,2026-08-21T16:45:00+02:00
home-history-fca.csv,5,1.BL,FC Augsburg,1. FC Köln,2:0,,2026-02-27,revision-pinned-dataset,transfermarkt-datasets,https://www.transfermarkt.co.uk/fc-augsburg_1-fc-koln/index/spielbericht/4634384,154367dfa6d6eb0b86332e332f9df0a080c7ddce,4634384,2026-08-21T16:45:00+02:00
home-history-fca.csv,6,1.BL,FC Augsburg,1. FC Heidenheim 1846,1:0,,2026-02-15,revision-pinned-dataset,transfermarkt-datasets,https://www.transfermarkt.co.uk/fc-augsburg_1-fc-heidenheim-1846/index/spielbericht/4634348,154367dfa6d6eb0b86332e332f9df0a080c7ddce,4634348,2026-08-21T16:45:00+02:00
home-history-fca.csv,7,1.BL,FC Augsburg,FC St. Pauli,2:1,,2026-01-31,revision-pinned-dataset,transfermarkt-datasets,https://www.transfermarkt.co.uk/fc-augsburg_fc-st-pauli/index/spielbericht/4634311,154367dfa6d6eb0b86332e332f9df0a080c7ddce,4634311,2026-08-21T16:45:00+02:00
home-history-fca.csv,8,1.BL,FC Augsburg,SC Freiburg,2:2,,2026-01-18,revision-pinned-dataset,transfermarkt-datasets,https://www.transfermarkt.co.uk/fc-augsburg_sc-freiburg/index/spielbericht/4634286,154367dfa6d6eb0b86332e332f9df0a080c7ddce,4634286,2026-08-21T16:45:00+02:00
home-history-fcb.csv,1,DFB,FC Bayern München,VfB Stuttgart,3:0,,2026-05-23,captured-odbl-response,OpenLigaDB,https://api.openligadb.de/getmatchdata/dfb/2025,9d16d5d30e5882c592ec4d8b39b592ea0f102c2e2695da98897f76a87b6ec2a3,81581,2026-08-21T16:45:00+02:00
home-history-fcb.csv,2,1.BL,FC Bayern München,1. FC Köln,5:1,,2026-05-16,revision-pinned-dataset,transfermarkt-datasets,https://www.transfermarkt.co.uk/bayern-munich_1-fc-koln/index/spielbericht/4634549,154367dfa6d6eb0b86332e332f9df0a080c7ddce,4634549,2026-08-21T16:45:00+02:00
home-history-fcb.csv,3,CL,FC Bayern München,Paris St. Germain,1:1,,2026-05-06,revision-pinned-dataset,transfermarkt-datasets,https://www.transfermarkt.co.uk/spielbericht/index/spielbericht/4814380,154367dfa6d6eb0b86332e332f9df0a080c7ddce,4814380,2026-08-21T16:45:00+02:00
home-history-fcb.csv,4,1.BL,FC Bayern München,1. FC Heidenheim 1846,3:3,,2026-05-02,revision-pinned-dataset,transfermarkt-datasets,https://www.transfermarkt.co.uk/bayern-munich_1-fc-heidenheim-1846/index/spielbericht/4634513,154367dfa6d6eb0b86332e332f9df0a080c7ddce,4634513,2026-08-21T16:45:00+02:00
home-history-fcb.csv,5,1.BL,FC Bayern München,VfB Stuttgart,4:2,,2026-04-19,revision-pinned-dataset,transfermarkt-datasets,https://www.transfermarkt.co.uk/bayern-munich_vfb-stuttgart/index/spielbericht/4634477,154367dfa6d6eb0b86332e332f9df0a080c7ddce,4634477,2026-08-21T16:45:00+02:00
home-history-fcb.csv,6,CL,FC Bayern München,Real Madrid,4:3,,2026-04-15,revision-pinned-dataset,transfermarkt-datasets,https://www.transfermarkt.co.uk/spielbericht/index/spielbericht/4814375,154367dfa6d6eb0b86332e332f9df0a080c7ddce,4814375,2026-08-21T16:45:00+02:00
home-history-fcb.csv,7,1.BL,FC Bayern München,1. FC Union Berlin,4:0,,2026-03-21,revision-pinned-dataset,transfermarkt-datasets,https://www.transfermarkt.co.uk/bayern-munich_1-fc-union-berlin/index/spielbericht/4634423,154367dfa6d6eb0b86332e332f9df0a080c7ddce,4634423,2026-08-21T16:45:00+02:00
home-history-fcb.csv,8,CL,FC Bayern München,Atalanta Bergamo,4:1,,2026-03-18,revision-pinned-dataset,transfermarkt-datasets,https://www.transfermarkt.co.uk/spielbericht/index/spielbericht/4814365,154367dfa6d6eb0b86332e332f9df0a080c7ddce,4814365,2026-08-21T16:45:00+02:00
home-history-fck.csv,1,1.BL,1. FC Köln,1. FC Heidenheim 1846,1:3,,2026-05-10,revision-pinned-dataset,transfermarkt-datasets,https://www.transfermarkt.co.uk/1-fc-koln_1-fc-heidenheim-1846/index/spielbericht/4634538,154367dfa6d6eb0b86332e332f9df0a080c7ddce,4634538,2026-08-21T16:45:00+02:00
home-history-fck.csv,2,1.BL,1. FC Köln,Bayer 04 Leverkusen,1:2,,2026-04-25,revision-pinned-dataset,transfermarkt-datasets,https://www.transfermarkt.co.uk/1-fc-koln_bayer-04-leverkusen/index/spielbericht/4634502,154367dfa6d6eb0b86332e332f9df0a080c7ddce,4634502,2026-08-21T16:45:00+02:00
home-history-fck.csv,3,1.BL,1. FC Köln,Werder Bremen,3:1,,2026-04-12,revision-pinned-dataset,transfermarkt-datasets,https://www.transfermarkt.co.uk/1-fc-koln_sv-werder-bremen/index/spielbericht/4634467,154367dfa6d6eb0b86332e332f9df0a080c7ddce,4634467,2026-08-21T16:45:00+02:00
home-history-fck.csv,4,1.BL,1. FC Köln,Bor. Mönchengladbach,3:3,,2026-03-21,revision-pinned-dataset,transfermarkt-datasets,https://www.transfermarkt.co.uk/1-fc-koln_borussia-monchengladbach/index/spielbericht/4634431,154367dfa6d6eb0b86332e332f9df0a080c7ddce,4634431,2026-08-21T16:45:00+02:00
home-history-fck.csv,5,1.BL,1. FC Köln,Borussia Dortmund,1:2,,2026-03-07,revision-pinned-dataset,transfermarkt-datasets,https://www.transfermarkt.co.uk/1-fc-koln_borussia-dortmund/index/spielbericht/4634395,154367dfa6d6eb0b86332e332f9df0a080c7ddce,4634395,2026-08-21T16:45:00+02:00
home-history-fck.csv,6,1.BL,1. FC Köln,1899 Hoffenheim,2:2,,2026-02-21,revision-pinned-dataset,transfermarkt-datasets,https://www.transfermarkt.co.uk/1-fc-koln_tsg-1899-hoffenheim/index/spielbericht/4634368,154367dfa6d6eb0b86332e332f9df0a080c7ddce,4634368,2026-08-21T16:45:00+02:00
home-history-fck.csv,7,1.BL,1. FC Köln,RB Leipzig,1:2,,2026-02-08,revision-pinned-dataset,transfermarkt-datasets,https://www.transfermarkt.co.uk/1-fc-koln_rb-leipzig/index/spielbericht/4634332,154367dfa6d6eb0b86332e332f9df0a080c7ddce,4634332,2026-08-21T16:45:00+02:00
home-history-fck.csv,8,1.BL,1. FC Köln,VfL Wolfsburg,1:0,,2026-01-30,revision-pinned-dataset,transfermarkt-datasets,https://www.transfermarkt.co.uk/1-fc-koln_vfl-wolfsburg/index/spielbericht/4634313,154367dfa6d6eb0b86332e332f9df0a080c7ddce,4634313,2026-08-21T16:45:00+02:00
home-history-fcu.csv,1,1.BL,1. FC Union Berlin,FC Augsburg,4:0,,2026-05-16,revision-pinned-dataset,transfermarkt-datasets,https://www.transfermarkt.co.uk/1-fc-union-berlin_fc-augsburg/index/spielbericht/4634555,154367dfa6d6eb0b86332e332f9df0a080c7ddce,4634555,2026-08-21T16:45:00+02:00
home-history-fcu.csv,2,1.BL,1. FC Union Berlin,1. FC Köln,2:2,,2026-05-02,revision-pinned-dataset,transfermarkt-datasets,https://www.transfermarkt.co.uk/1-fc-union-berlin_1-fc-koln/index/spielbericht/4634519,154367dfa6d6eb0b86332e332f9df0a080c7ddce,4634519,2026-08-21T16:45:00+02:00
home-history-fcu.csv,3,1.BL,1. FC Union Berlin,VfL Wolfsburg,1:2,,2026-04-18,revision-pinned-dataset,transfermarkt-datasets,https://www.transfermarkt.co.uk/1-fc-union-berlin_vfl-wolfsburg/index/spielbericht/4634483,154367dfa6d6eb0b86332e332f9df0a080c7ddce,4634483,2026-08-21T16:45:00+02:00
home-history-fcu.csv,4,1.BL,1. FC Union Berlin,FC St. Pauli,1:1,,2026-04-05,revision-pinned-dataset,transfermarkt-datasets,https://www.transfermarkt.co.uk/1-fc-union-berlin_fc-st-pauli/index/spielbericht/4634447,154367dfa6d6eb0b86332e332f9df0a080c7ddce,4634447,2026-08-21T16:45:00+02:00
home-history-fcu.csv,5,1.BL,1. FC Union Berlin,Werder Bremen,1:4,,2026-03-08,revision-pinned-dataset,transfermarkt-datasets,https://www.transfermarkt.co.uk/1-fc-union-berlin_sv-werder-bremen/index/spielbericht/4634392,154367dfa6d6eb0b86332e332f9df0a080c7ddce,4634392,2026-08-21T16:45:00+02:00
home-history-fcu.csv,6,1.BL,1. FC Union Berlin,Bayer 04 Leverkusen,1:0,,2026-02-21,revision-pinned-dataset,transfermarkt-datasets,https://www.transfermarkt.co.uk/1-fc-union-berlin_bayer-04-leverkusen/index/spielbericht/4634365,154367dfa6d6eb0b86332e332f9df0a080c7ddce,4634365,2026-08-21T16:45:00+02:00
home-history-fcu.csv,7,1.BL,1. FC Union Berlin,Eintracht Frankfurt,1:1,,2026-02-06,revision-pinned-dataset,transfermarkt-datasets,https://www.transfermarkt.co.uk/1-fc-union-berlin_eintracht-frankfurt/index/spielbericht/4634329,154367dfa6d6eb0b86332e332f9df0a080c7ddce,4634329,2026-08-21T16:45:00+02:00
home-history-fcu.csv,8,1.BL,1. FC Union Berlin,Borussia Dortmund,0:3,,2026-01-24,revision-pinned-dataset,transfermarkt-datasets,https://www.transfermarkt.co.uk/1-fc-union-berlin_borussia-dortmund/index/spielbericht/4634303,154367dfa6d6eb0b86332e332f9df0a080c7ddce,4634303,2026-08-21T16:45:00+02:00
home-history-m05.csv,1,1.BL,FSV Mainz 05,1. FC Union Berlin,1:3,,2026-05-10,revision-pinned-dataset,transfermarkt-datasets,https://www.transfermarkt.co.uk/1-fsv-mainz-05_1-fc-union-berlin/index/spielbericht/4634532,154367dfa6d6eb0b86332e332f9df0a080c7ddce,4634532,2026-08-21T16:45:00+02:00
home-history-m05.csv,2,1.BL,FSV Mainz 05,FC Bayern München,3:4,,2026-04-25,revision-pinned-dataset,transfermarkt-datasets,https://www.transfermarkt.co.uk/1-fsv-mainz-05_bayern-munich/index/spielbericht/4634496,154367dfa6d6eb0b86332e332f9df0a080c7ddce,4634496,2026-08-21T16:45:00+02:00
home-history-m05.csv,3,1.BL,FSV Mainz 05,SC Freiburg,0:1,,2026-04-12,revision-pinned-dataset,transfermarkt-datasets,https://www.transfermarkt.co.uk/1-fsv-mainz-05_sc-freiburg/index/spielbericht/4634460,154367dfa6d6eb0b86332e332f9df0a080c7ddce,4634460,2026-08-21T16:45:00+02:00
home-history-m05.csv,4,ConfL,FSV Mainz 05,Racing Club Strasbourg,2:0,,2026-04-09,revision-pinned-dataset,transfermarkt-datasets,https://www.transfermarkt.co.uk/spielbericht/index/spielbericht/4805878,154367dfa6d6eb0b86332e332f9df0a080c7ddce,4805878,2026-08-21T16:45:00+02:00
home-history-m05.csv,5,1.BL,FSV Mainz 05,Eintracht Frankfurt,2:1,,2026-03-22,revision-pinned-dataset,transfermarkt-datasets,https://www.transfermarkt.co.uk/1-fsv-mainz-05_eintracht-frankfurt/index/spielbericht/4634425,154367dfa6d6eb0b86332e332f9df0a080c7ddce,4634425,2026-08-21T16:45:00+02:00
home-history-m05.csv,6,ConfL,FSV Mainz 05,Sigma Olmütz,2:0,,2026-03-19,revision-pinned-dataset,transfermarkt-datasets,https://www.transfermarkt.co.uk/spielbericht/index/spielbericht/4805873,154367dfa6d6eb0b86332e332f9df0a080c7ddce,4805873,2026-08-21T16:45:00+02:00
home-history-m05.csv,7,1.BL,FSV Mainz 05,VfB Stuttgart,2:2,,2026-03-07,revision-pinned-dataset,transfermarkt-datasets,https://www.transfermarkt.co.uk/1-fsv-mainz-05_vfb-stuttgart/index/spielbericht/4634389,154367dfa6d6eb0b86332e332f9df0a080c7ddce,4634389,2026-08-21T16:45:00+02:00
home-history-m05.csv,8,1.BL,FSV Mainz 05,Hamburger SV,1:1,,2026-02-20,revision-pinned-dataset,transfermarkt-datasets,https://www.transfermarkt.co.uk/1-fsv-mainz-05_hamburger-sv/index/spielbericht/4634362,154367dfa6d6eb0b86332e332f9df0a080c7ddce,4634362,2026-08-21T16:45:00+02:00
home-history-rbl.csv,1,1.BL,RB Leipzig,FC St. Pauli,2:1,,2026-05-09,revision-pinned-dataset,transfermarkt-datasets,https://www.transfermarkt.co.uk/rb-leipzig_fc-st-pauli/index/spielbericht/4634533,154367dfa6d6eb0b86332e332f9df0a080c7ddce,4634533,2026-08-21T16:45:00+02:00
home-history-rbl.csv,2,1.BL,RB Leipzig,1. FC Union Berlin,3:1,,2026-04-24,revision-pinned-dataset,transfermarkt-datasets,https://www.transfermarkt.co.uk/rb-leipzig_1-fc-union-berlin/index/spielbericht/4634497,154367dfa6d6eb0b86332e332f9df0a080c7ddce,4634497,2026-08-21T16:45:00+02:00
home-history-rbl.csv,3,1.BL,RB Leipzig,Bor. Mönchengladbach,1:0,,2026-04-11,revision-pinned-dataset,transfermarkt-datasets,https://www.transfermarkt.co.uk/rb-leipzig_borussia-monchengladbach/index/spielbericht/4634461,154367dfa6d6eb0b86332e332f9df0a080c7ddce,4634461,2026-08-21T16:45:00+02:00
home-history-rbl.csv,4,1.BL,RB Leipzig,1899 Hoffenheim,5:0,,2026-03-20,revision-pinned-dataset,transfermarkt-datasets,https://www.transfermarkt.co.uk/rb-leipzig_tsg-1899-hoffenheim/index/spielbericht/4634426,154367dfa6d6eb0b86332e332f9df0a080c7ddce,4634426,2026-08-21T16:45:00+02:00
home-history-rbl.csv,5,1.BL,RB Leipzig,FC Augsburg,2:1,,2026-03-07,revision-pinned-dataset,transfermarkt-datasets,https://www.transfermarkt.co.uk/rb-leipzig_fc-augsburg/index/spielbericht/4634390,154367dfa6d6eb0b86332e332f9df0a080c7ddce,4634390,2026-08-21T16:45:00+02:00
home-history-rbl.csv,6,1.BL,RB Leipzig,Borussia Dortmund,2:2,,2026-02-21,revision-pinned-dataset,transfermarkt-datasets,https://www.transfermarkt.co.uk/rb-leipzig_borussia-dortmund/index/spielbericht/4634363,154367dfa6d6eb0b86332e332f9df0a080c7ddce,4634363,2026-08-21T16:45:00+02:00
home-history-rbl.csv,7,1.BL,RB Leipzig,VfL Wolfsburg,2:2,,2026-02-15,revision-pinned-dataset,transfermarkt-datasets,https://www.transfermarkt.co.uk/rb-leipzig_vfl-wolfsburg/index/spielbericht/4634345,154367dfa6d6eb0b86332e332f9df0a080c7ddce,4634345,2026-08-21T16:45:00+02:00
home-history-rbl.csv,8,1.BL,RB Leipzig,FSV Mainz 05,1:2,,2026-01-31,revision-pinned-dataset,transfermarkt-datasets,https://www.transfermarkt.co.uk/rb-leipzig_1-fsv-mainz-05/index/spielbericht/4634308,154367dfa6d6eb0b86332e332f9df0a080c7ddce,4634308,2026-08-21T16:45:00+02:00
home-history-scf.csv,1,EL,SC Freiburg,Aston Villa,0:3,,2026-05-20,official-match-record,UEFA,https://www.uefa.com/uefaeuropaleague/match/2047743/,UEFA-match-2047743,2047743,2026-08-21T16:45:00+02:00
home-history-scf.csv,2,1.BL,SC Freiburg,RB Leipzig,4:1,,2026-05-16,revision-pinned-dataset,transfermarkt-datasets,https://www.transfermarkt.co.uk/sc-freiburg_rb-leipzig/index/spielbericht/4634552,154367dfa6d6eb0b86332e332f9df0a080c7ddce,4634552,2026-08-21T16:45:00+02:00
home-history-scf.csv,3,EL,SC Freiburg,Sporting Braga,3:1,,2026-05-07,revision-pinned-dataset,transfermarkt-datasets,https://www.transfermarkt.co.uk/spielbericht/index/spielbericht/4805930,154367dfa6d6eb0b86332e332f9df0a080c7ddce,4805930,2026-08-21T16:45:00+02:00
home-history-scf.csv,4,1.BL,SC Freiburg,VfL Wolfsburg,1:1,,2026-05-03,revision-pinned-dataset,transfermarkt-datasets,https://www.transfermarkt.co.uk/sc-freiburg_vfl-wolfsburg/index/spielbericht/4634516,154367dfa6d6eb0b86332e332f9df0a080c7ddce,4634516,2026-08-21T16:45:00+02:00
home-history-scf.csv,5,1.BL,SC Freiburg,1. FC Heidenheim 1846,2:1,,2026-04-19,revision-pinned-dataset,transfermarkt-datasets,https://www.transfermarkt.co.uk/sc-freiburg_1-fc-heidenheim-1846/index/spielbericht/4634480,154367dfa6d6eb0b86332e332f9df0a080c7ddce,4634480,2026-08-21T16:45:00+02:00
home-history-scf.csv,6,EL,SC Freiburg,Celta Vigo,3:0,,2026-04-09,revision-pinned-dataset,transfermarkt-datasets,https://www.transfermarkt.co.uk/spielbericht/index/spielbericht/4805921,154367dfa6d6eb0b86332e332f9df0a080c7ddce,4805921,2026-08-21T16:45:00+02:00
home-history-scf.csv,7,1.BL,SC Freiburg,FC Bayern München,2:3,,2026-04-04,revision-pinned-dataset,transfermarkt-datasets,https://www.transfermarkt.co.uk/sc-freiburg_bayern-munich/index/spielbericht/4634443,154367dfa6d6eb0b86332e332f9df0a080c7ddce,4634443,2026-08-21T16:45:00+02:00
home-history-scf.csv,8,EL,SC Freiburg,KRC Genk,5:1,,2026-03-19,revision-pinned-dataset,transfermarkt-datasets,https://www.transfermarkt.co.uk/spielbericht/index/spielbericht/4805914,154367dfa6d6eb0b86332e332f9df0a080c7ddce,4805914,2026-08-21T16:45:00+02:00
home-history-sve.csv,1,2.BL,SV Elversberg,Preußen Münster,3:0,,2026-05-17,captured-odbl-response,OpenLigaDB,https://api.openligadb.de/getmatchdata/bl2/2025,83dbea21fe56c30ed2393dd888efede627cbdf7b26c5694f14753cf792af6a84,78244,2026-08-21T16:45:00+02:00
home-history-sve.csv,2,2.BL,SV Elversberg,SC Paderborn 07,5:1,,2026-05-03,captured-odbl-response,OpenLigaDB,https://api.openligadb.de/getmatchdata/bl2/2025,83dbea21fe56c30ed2393dd888efede627cbdf7b26c5694f14753cf792af6a84,78227,2026-08-21T16:45:00+02:00
home-history-sve.csv,3,2.BL,SV Elversberg,Karlsruher SC,3:0,,2026-04-17,captured-odbl-response,OpenLigaDB,https://api.openligadb.de/getmatchdata/bl2/2025,83dbea21fe56c30ed2393dd888efede627cbdf7b26c5694f14753cf792af6a84,78209,2026-08-21T16:45:00+02:00
home-history-sve.csv,4,2.BL,SV Elversberg,FC Schalke 04,1:2,,2026-04-12,captured-odbl-response,OpenLigaDB,https://api.openligadb.de/getmatchdata/bl2/2025,83dbea21fe56c30ed2393dd888efede627cbdf7b26c5694f14753cf792af6a84,78200,2026-08-21T16:45:00+02:00
home-history-sve.csv,5,2.BL,SV Elversberg,Arminia Bielefeld,3:1,,2026-03-21,captured-odbl-response,OpenLigaDB,https://api.openligadb.de/getmatchdata/bl2/2025,83dbea21fe56c30ed2393dd888efede627cbdf7b26c5694f14753cf792af6a84,78182,2026-08-21T16:45:00+02:00
home-history-sve.csv,6,2.BL,SV Elversberg,1. FC Magdeburg,1:0,,2026-03-06,captured-odbl-response,OpenLigaDB,https://api.openligadb.de/getmatchdata/bl2/2025,83dbea21fe56c30ed2393dd888efede627cbdf7b26c5694f14753cf792af6a84,78164,2026-08-21T16:45:00+02:00
home-history-sve.csv,7,2.BL,SV Elversberg,Eintracht Braunschweig,3:1,,2026-02-21,captured-odbl-response,OpenLigaDB,https://api.openligadb.de/getmatchdata/bl2/2025,83dbea21fe56c30ed2393dd888efede627cbdf7b26c5694f14753cf792af6a84,78146,2026-08-21T16:45:00+02:00
home-history-sve.csv,8,2.BL,SV Elversberg,Hertha BSC,0:3,,2026-02-07,captured-odbl-response,OpenLigaDB,https://api.openligadb.de/getmatchdata/bl2/2025,83dbea21fe56c30ed2393dd888efede627cbdf7b26c5694f14753cf792af6a84,78127,2026-08-21T16:45:00+02:00
recent-history-b04.csv,1,1.BL,Bayer 04 Leverkusen,Hamburger SV,1:1,,2026-05-16,revision-pinned-dataset,transfermarkt-datasets,https://www.transfermarkt.co.uk/bayer-04-leverkusen_hamburger-sv/index/spielbericht/4634550,154367dfa6d6eb0b86332e332f9df0a080c7ddce,4634550,2026-08-21T16:45:00+02:00
recent-history-b04.csv,2,1.BL,VfB Stuttgart,Bayer 04 Leverkusen,3:1,,2026-05-09,revision-pinned-dataset,transfermarkt-datasets,https://www.transfermarkt.co.uk/vfb-stuttgart_bayer-04-leverkusen/index/spielbericht/4634534,154367dfa6d6eb0b86332e332f9df0a080c7ddce,4634534,2026-08-21T16:45:00+02:00
recent-history-b04.csv,3,1.BL,Bayer 04 Leverkusen,RB Leipzig,4:1,,2026-05-02,revision-pinned-dataset,transfermarkt-datasets,https://www.transfermarkt.co.uk/bayer-04-leverkusen_rb-leipzig/index/spielbericht/4634514,154367dfa6d6eb0b86332e332f9df0a080c7ddce,4634514,2026-08-21T16:45:00+02:00
recent-history-b04.csv,4,1.BL,1. FC Köln,Bayer 04 Leverkusen,1:2,,2026-04-25,revision-pinned-dataset,transfermarkt-datasets,https://www.transfermarkt.co.uk/1-fc-koln_bayer-04-leverkusen/index/spielbericht/4634502,154367dfa6d6eb0b86332e332f9df0a080c7ddce,4634502,2026-08-21T16:45:00+02:00
recent-history-b04.csv,5,DFB,Bayer 04 Leverkusen,FC Bayern München,0:2,,2026-04-22,revision-pinned-dataset,transfermarkt-datasets,https://www.transfermarkt.co.uk/spielbericht/index/spielbericht/4830557,154367dfa6d6eb0b86332e332f9df0a080c7ddce,4830557,2026-08-21T16:45:00+02:00
recent-history-b04.csv,6,1.BL,Bayer 04 Leverkusen,FC Augsburg,1:2,,2026-04-18,revision-pinned-dataset,transfermarkt-datasets,https://www.transfermarkt.co.uk/bayer-04-leverkusen_fc-augsburg/index/spielbericht/4634478,154367dfa6d6eb0b86332e332f9df0a080c7ddce,4634478,2026-08-21T16:45:00+02:00
recent-history-b04.csv,7,1.BL,Borussia Dortmund,Bayer 04 Leverkusen,0:1,,2026-04-11,revision-pinned-dataset,transfermarkt-datasets,https://www.transfermarkt.co.uk/borussia-dortmund_bayer-04-leverkusen/index/spielbericht/4634459,154367dfa6d6eb0b86332e332f9df0a080c7ddce,4634459,2026-08-21T16:45:00+02:00
recent-history-bmg.csv,1,1.BL,Bor. Mönchengladbach,1899 Hoffenheim,4:0,,2026-05-16,revision-pinned-dataset,transfermarkt-datasets,https://www.transfermarkt.co.uk/borussia-monchengladbach_tsg-1899-hoffenheim/index/spielbericht/4634554,154367dfa6d6eb0b86332e332f9df0a080c7ddce,4634554,2026-08-21T16:45:00+02:00
recent-history-bmg.csv,2,1.BL,FC Augsburg,Bor. Mönchengladbach,3:1,,2026-05-09,revision-pinned-dataset,transfermarkt-datasets,https://www.transfermarkt.co.uk/fc-augsburg_borussia-monchengladbach/index/spielbericht/4634536,154367dfa6d6eb0b86332e332f9df0a080c7ddce,4634536,2026-08-21T16:45:00+02:00
recent-history-bmg.csv,3,1.BL,Bor. Mönchengladbach,Borussia Dortmund,1:0,,2026-05-03,revision-pinned-dataset,transfermarkt-datasets,https://www.transfermarkt.co.uk/borussia-monchengladbach_borussia-dortmund/index/spielbericht/4634518,154367dfa6d6eb0b86332e332f9df0a080c7ddce,4634518,2026-08-21T16:45:00+02:00
recent-history-bmg.csv,4,1.BL,VfL Wolfsburg,Bor. Mönchengladbach,0:0,,2026-04-25,revision-pinned-dataset,transfermarkt-datasets,https://www.transfermarkt.co.uk/vfl-wolfsburg_borussia-monchengladbach/index/spielbericht/4634499,154367dfa6d6eb0b86332e332f9df0a080c7ddce,4634499,2026-08-21T16:45:00+02:00
recent-history-bmg.csv,5,1.BL,Bor. Mönchengladbach,FSV Mainz 05,1:1,,2026-04-19,revision-pinned-dataset,transfermarkt-datasets,https://www.transfermarkt.co.uk/borussia-monchengladbach_1-fsv-mainz-05/index/spielbericht/4634482,154367dfa6d6eb0b86332e332f9df0a080c7ddce,4634482,2026-08-21T16:45:00+02:00
recent-history-bmg.csv,6,1.BL,RB Leipzig,Bor. Mönchengladbach,1:0,,2026-04-11,revision-pinned-dataset,transfermarkt-datasets,https://www.transfermarkt.co.uk/rb-leipzig_borussia-monchengladbach/index/spielbericht/4634461,154367dfa6d6eb0b86332e332f9df0a080c7ddce,4634461,2026-08-21T16:45:00+02:00
recent-history-bmg.csv,7,1.BL,Bor. Mönchengladbach,1. FC Heidenheim 1846,2:2,,2026-04-04,revision-pinned-dataset,transfermarkt-datasets,https://www.transfermarkt.co.uk/borussia-monchengladbach_1-fc-heidenheim-1846/index/spielbericht/4634446,154367dfa6d6eb0b86332e332f9df0a080c7ddce,4634446,2026-08-21T16:45:00+02:00
recent-history-bvb.csv,1,1.BL,Werder Bremen,Borussia Dortmund,0:2,,2026-05-16,revision-pinned-dataset,transfermarkt-datasets,https://www.transfermarkt.co.uk/sv-werder-bremen_borussia-dortmund/index/spielbericht/4634553,154367dfa6d6eb0b86332e332f9df0a080c7ddce,4634553,2026-08-21T16:45:00+02:00
recent-history-bvb.csv,2,1.BL,Borussia Dortmund,Eintracht Frankfurt,3:2,,2026-05-08,revision-pinned-dataset,transfermarkt-datasets,https://www.transfermarkt.co.uk/borussia-dortmund_eintracht-frankfurt/index/spielbericht/4634531,154367dfa6d6eb0b86332e332f9df0a080c7ddce,4634531,2026-08-21T16:45:00+02:00
recent-history-bvb.csv,3,1.BL,Bor. Mönchengladbach,Borussia Dortmund,1:0,,2026-05-03,revision-pinned-dataset,transfermarkt-datasets,https://www.transfermarkt.co.uk/borussia-monchengladbach_borussia-dortmund/index/spielbericht/4634518,154367dfa6d6eb0b86332e332f9df0a080c7ddce,4634518,2026-08-21T16:45:00+02:00
recent-history-bvb.csv,4,1.BL,Borussia Dortmund,SC Freiburg,4:0,,2026-04-26,revision-pinned-dataset,transfermarkt-datasets,https://www.transfermarkt.co.uk/borussia-dortmund_sc-freiburg/index/spielbericht/4634495,154367dfa6d6eb0b86332e332f9df0a080c7ddce,4634495,2026-08-21T16:45:00+02:00
recent-history-bvb.csv,5,1.BL,1899 Hoffenheim,Borussia Dortmund,2:1,,2026-04-18,revision-pinned-dataset,transfermarkt-datasets,https://www.transfermarkt.co.uk/tsg-1899-hoffenheim_borussia-dortmund/index/spielbericht/4634485,154367dfa6d6eb0b86332e332f9df0a080c7ddce,4634485,2026-08-21T16:45:00+02:00
recent-history-bvb.csv,6,1.BL,Borussia Dortmund,Bayer 04 Leverkusen,0:1,,2026-04-11,revision-pinned-dataset,transfermarkt-datasets,https://www.transfermarkt.co.uk/borussia-dortmund_bayer-04-leverkusen/index/spielbericht/4634459,154367dfa6d6eb0b86332e332f9df0a080c7ddce,4634459,2026-08-21T16:45:00+02:00
recent-history-bvb.csv,7,1.BL,VfB Stuttgart,Borussia Dortmund,0:2,,2026-04-04,revision-pinned-dataset,transfermarkt-datasets,https://www.transfermarkt.co.uk/vfb-stuttgart_borussia-dortmund/index/spielbericht/4634445,154367dfa6d6eb0b86332e332f9df0a080c7ddce,4634445,2026-08-21T16:45:00+02:00
recent-history-bvb.csv,8,1.BL,Borussia Dortmund,Hamburger SV,3:2,,2026-03-21,revision-pinned-dataset,transfermarkt-datasets,https://www.transfermarkt.co.uk/borussia-dortmund_hamburger-sv/index/spielbericht/4634424,154367dfa6d6eb0b86332e332f9df0a080c7ddce,4634424,2026-08-21T16:45:00+02:00
recent-history-fca.csv,1,1.BL,1. FC Union Berlin,FC Augsburg,4:0,,2026-05-16,revision-pinned-dataset,transfermarkt-datasets,https://www.transfermarkt.co.uk/1-fc-union-berlin_fc-augsburg/index/spielbericht/4634555,154367dfa6d6eb0b86332e332f9df0a080c7ddce,4634555,2026-08-21T16:45:00+02:00
recent-history-fca.csv,2,1.BL,FC Augsburg,Bor. Mönchengladbach,3:1,,2026-05-09,revision-pinned-dataset,transfermarkt-datasets,https://www.transfermarkt.co.uk/fc-augsburg_borussia-monchengladbach/index/spielbericht/4634536,154367dfa6d6eb0b86332e332f9df0a080c7ddce,4634536,2026-08-21T16:45:00+02:00
recent-history-fca.csv,3,1.BL,Werder Bremen,FC Augsburg,1:3,,2026-05-02,revision-pinned-dataset,transfermarkt-datasets,https://www.transfermarkt.co.uk/sv-werder-bremen_fc-augsburg/index/spielbericht/4634517,154367dfa6d6eb0b86332e332f9df0a080c7ddce,4634517,2026-08-21T16:45:00+02:00
recent-history-fca.csv,4,1.BL,FC Augsburg,Eintracht Frankfurt,1:1,,2026-04-25,revision-pinned-dataset,transfermarkt-datasets,https://www.transfermarkt.co.uk/fc-augsburg_eintracht-frankfurt/index/spielbericht/4634500,154367dfa6d6eb0b86332e332f9df0a080c7ddce,4634500,2026-08-21T16:45:00+02:00
recent-history-fca.csv,5,1.BL,Bayer 04 Leverkusen,FC Augsburg,1:2,,2026-04-18,revision-pinned-dataset,transfermarkt-datasets,https://www.transfermarkt.co.uk/bayer-04-leverkusen_fc-augsburg/index/spielbericht/4634478,154367dfa6d6eb0b86332e332f9df0a080c7ddce,4634478,2026-08-21T16:45:00+02:00
recent-history-fca.csv,6,1.BL,FC Augsburg,1899 Hoffenheim,2:2,,2026-04-10,revision-pinned-dataset,transfermarkt-datasets,https://www.transfermarkt.co.uk/fc-augsburg_tsg-1899-hoffenheim/index/spielbericht/4634464,154367dfa6d6eb0b86332e332f9df0a080c7ddce,4634464,2026-08-21T16:45:00+02:00
recent-history-fca.csv,7,1.BL,Hamburger SV,FC Augsburg,1:1,,2026-04-04,revision-pinned-dataset,transfermarkt-datasets,https://www.transfermarkt.co.uk/hamburger-sv_fc-augsburg/index/spielbericht/4634449,154367dfa6d6eb0b86332e332f9df0a080c7ddce,4634449,2026-08-21T16:45:00+02:00
recent-history-fcb.csv,1,DFB,FC Bayern München,VfB Stuttgart,3:0,,2026-05-23,captured-odbl-response,OpenLigaDB,https://api.openligadb.de/getmatchdata/dfb/2025,9d16d5d30e5882c592ec4d8b39b592ea0f102c2e2695da98897f76a87b6ec2a3,81581,2026-08-21T16:45:00+02:00
recent-history-fcb.csv,2,1.BL,FC Bayern München,1. FC Köln,5:1,,2026-05-16,revision-pinned-dataset,transfermarkt-datasets,https://www.transfermarkt.co.uk/bayern-munich_1-fc-koln/index/spielbericht/4634549,154367dfa6d6eb0b86332e332f9df0a080c7ddce,4634549,2026-08-21T16:45:00+02:00
recent-history-fcb.csv,3,1.BL,VfL Wolfsburg,FC Bayern München,0:1,,2026-05-09,revision-pinned-dataset,transfermarkt-datasets,https://www.transfermarkt.co.uk/vfl-wolfsburg_bayern-munich/index/spielbericht/4634535,154367dfa6d6eb0b86332e332f9df0a080c7ddce,4634535,2026-08-21T16:45:00+02:00
recent-history-fcb.csv,4,CL,FC Bayern München,Paris St. Germain,1:1,,2026-05-06,revision-pinned-dataset,transfermarkt-datasets,https://www.transfermarkt.co.uk/spielbericht/index/spielbericht/4814380,154367dfa6d6eb0b86332e332f9df0a080c7ddce,4814380,2026-08-21T16:45:00+02:00
recent-history-fcb.csv,5,1.BL,FC Bayern München,1. FC Heidenheim 1846,3:3,,2026-05-02,revision-pinned-dataset,transfermarkt-datasets,https://www.transfermarkt.co.uk/bayern-munich_1-fc-heidenheim-1846/index/spielbericht/4634513,154367dfa6d6eb0b86332e332f9df0a080c7ddce,4634513,2026-08-21T16:45:00+02:00
recent-history-fcb.csv,6,CL,Paris St. Germain,FC Bayern München,5:4,,2026-04-28,revision-pinned-dataset,transfermarkt-datasets,https://www.transfermarkt.co.uk/spielbericht/index/spielbericht/4814378,154367dfa6d6eb0b86332e332f9df0a080c7ddce,4814378,2026-08-21T16:45:00+02:00
recent-history-fcb.csv,7,1.BL,FSV Mainz 05,FC Bayern München,3:4,,2026-04-25,revision-pinned-dataset,transfermarkt-datasets,https://www.transfermarkt.co.uk/1-fsv-mainz-05_bayern-munich/index/spielbericht/4634496,154367dfa6d6eb0b86332e332f9df0a080c7ddce,4634496,2026-08-21T16:45:00+02:00
recent-history-fcb.csv,8,DFB,Bayer 04 Leverkusen,FC Bayern München,0:2,,2026-04-22,revision-pinned-dataset,transfermarkt-datasets,https://www.transfermarkt.co.uk/spielbericht/index/spielbericht/4830557,154367dfa6d6eb0b86332e332f9df0a080c7ddce,4830557,2026-08-21T16:45:00+02:00
recent-history-fck.csv,1,1.BL,FC Bayern München,1. FC Köln,5:1,,2026-05-16,revision-pinned-dataset,transfermarkt-datasets,https://www.transfermarkt.co.uk/bayern-munich_1-fc-koln/index/spielbericht/4634549,154367dfa6d6eb0b86332e332f9df0a080c7ddce,4634549,2026-08-21T16:45:00+02:00
recent-history-fck.csv,2,1.BL,1. FC Köln,1. FC Heidenheim 1846,1:3,,2026-05-10,revision-pinned-dataset,transfermarkt-datasets,https://www.transfermarkt.co.uk/1-fc-koln_1-fc-heidenheim-1846/index/spielbericht/4634538,154367dfa6d6eb0b86332e332f9df0a080c7ddce,4634538,2026-08-21T16:45:00+02:00
recent-history-fck.csv,3,1.BL,1. FC Union Berlin,1. FC Köln,2:2,,2026-05-02,revision-pinned-dataset,transfermarkt-datasets,https://www.transfermarkt.co.uk/1-fc-union-berlin_1-fc-koln/index/spielbericht/4634519,154367dfa6d6eb0b86332e332f9df0a080c7ddce,4634519,2026-08-21T16:45:00+02:00
recent-history-fck.csv,4,1.BL,1. FC Köln,Bayer 04 Leverkusen,1:2,,2026-04-25,revision-pinned-dataset,transfermarkt-datasets,https://www.transfermarkt.co.uk/1-fc-koln_bayer-04-leverkusen/index/spielbericht/4634502,154367dfa6d6eb0b86332e332f9df0a080c7ddce,4634502,2026-08-21T16:45:00+02:00
recent-history-fck.csv,5,1.BL,FC St. Pauli,1. FC Köln,1:1,,2026-04-17,revision-pinned-dataset,transfermarkt-datasets,https://www.transfermarkt.co.uk/fc-st-pauli_1-fc-koln/index/spielbericht/4634484,154367dfa6d6eb0b86332e332f9df0a080c7ddce,4634484,2026-08-21T16:45:00+02:00
recent-history-fck.csv,6,1.BL,1. FC Köln,Werder Bremen,3:1,,2026-04-12,revision-pinned-dataset,transfermarkt-datasets,https://www.transfermarkt.co.uk/1-fc-koln_sv-werder-bremen/index/spielbericht/4634467,154367dfa6d6eb0b86332e332f9df0a080c7ddce,4634467,2026-08-21T16:45:00+02:00
recent-history-fck.csv,7,1.BL,Eintracht Frankfurt,1. FC Köln,2:2,,2026-04-05,revision-pinned-dataset,transfermarkt-datasets,https://www.transfermarkt.co.uk/eintracht-frankfurt_1-fc-koln/index/spielbericht/4634442,154367dfa6d6eb0b86332e332f9df0a080c7ddce,4634442,2026-08-21T16:45:00+02:00
recent-history-fcu.csv,1,1.BL,1. FC Union Berlin,FC Augsburg,4:0,,2026-05-16,revision-pinned-dataset,transfermarkt-datasets,https://www.transfermarkt.co.uk/1-fc-union-berlin_fc-augsburg/index/spielbericht/4634555,154367dfa6d6eb0b86332e332f9df0a080c7ddce,4634555,2026-08-21T16:45:00+02:00
recent-history-fcu.csv,2,1.BL,FSV Mainz 05,1. FC Union Berlin,1:3,,2026-05-10,revision-pinned-dataset,transfermarkt-datasets,https://www.transfermarkt.co.uk/1-fsv-mainz-05_1-fc-union-berlin/index/spielbericht/4634532,154367dfa6d6eb0b86332e332f9df0a080c7ddce,4634532,2026-08-21T16:45:00+02:00
recent-history-fcu.csv,3,1.BL,1. FC Union Berlin,1. FC Köln,2:2,,2026-05-02,revision-pinned-dataset,transfermarkt-datasets,https://www.transfermarkt.co.uk/1-fc-union-berlin_1-fc-koln/index/spielbericht/4634519,154367dfa6d6eb0b86332e332f9df0a080c7ddce,4634519,2026-08-21T16:45:00+02:00
recent-history-fcu.csv,4,1.BL,RB Leipzig,1. FC Union Berlin,3:1,,2026-04-24,revision-pinned-dataset,transfermarkt-datasets,https://www.transfermarkt.co.uk/rb-leipzig_1-fc-union-berlin/index/spielbericht/4634497,154367dfa6d6eb0b86332e332f9df0a080c7ddce,4634497,2026-08-21T16:45:00+02:00
recent-history-fcu.csv,5,1.BL,1. FC Union Berlin,VfL Wolfsburg,1:2,,2026-04-18,revision-pinned-dataset,transfermarkt-datasets,https://www.transfermarkt.co.uk/1-fc-union-berlin_vfl-wolfsburg/index/spielbericht/4634483,154367dfa6d6eb0b86332e332f9df0a080c7ddce,4634483,2026-08-21T16:45:00+02:00
recent-history-fcu.csv,6,1.BL,1. FC Heidenheim 1846,1. FC Union Berlin,3:1,,2026-04-11,revision-pinned-dataset,transfermarkt-datasets,https://www.transfermarkt.co.uk/1-fc-heidenheim-1846_1-fc-union-berlin/index/spielbericht/4634466,154367dfa6d6eb0b86332e332f9df0a080c7ddce,4634466,2026-08-21T16:45:00+02:00
recent-history-fcu.csv,7,1.BL,1. FC Union Berlin,FC St. Pauli,1:1,,2026-04-05,revision-pinned-dataset,transfermarkt-datasets,https://www.transfermarkt.co.uk/1-fc-union-berlin_fc-st-pauli/index/spielbericht/4634447,154367dfa6d6eb0b86332e332f9df0a080c7ddce,4634447,2026-08-21T16:45:00+02:00
recent-history-hsv.csv,1,1.BL,Bayer 04 Leverkusen,Hamburger SV,1:1,,2026-05-16,revision-pinned-dataset,transfermarkt-datasets,https://www.transfermarkt.co.uk/bayer-04-leverkusen_hamburger-sv/index/spielbericht/4634550,154367dfa6d6eb0b86332e332f9df0a080c7ddce,4634550,2026-08-21T16:45:00+02:00
recent-history-hsv.csv,2,1.BL,Hamburger SV,SC Freiburg,3:2,,2026-05-10,revision-pinned-dataset,transfermarkt-datasets,https://www.transfermarkt.co.uk/hamburger-sv_sc-freiburg/index/spielbericht/4634539,154367dfa6d6eb0b86332e332f9df0a080c7ddce,4634539,2026-08-21T16:45:00+02:00
recent-history-hsv.csv,3,1.BL,Eintracht Frankfurt,Hamburger SV,1:2,,2026-05-02,revision-pinned-dataset,transfermarkt-datasets,https://www.transfermarkt.co.uk/eintracht-frankfurt_hamburger-sv/index/spielbericht/4634515,154367dfa6d6eb0b86332e332f9df0a080c7ddce,4634515,2026-08-21T16:45:00+02:00
recent-history-hsv.csv,4,1.BL,Hamburger SV,1899 Hoffenheim,1:2,,2026-04-25,revision-pinned-dataset,transfermarkt-datasets,https://www.transfermarkt.co.uk/hamburger-sv_tsg-1899-hoffenheim/index/spielbericht/4634503,154367dfa6d6eb0b86332e332f9df0a080c7ddce,4634503,2026-08-21T16:45:00+02:00
recent-history-hsv.csv,5,1.BL,Werder Bremen,Hamburger SV,3:1,,2026-04-18,revision-pinned-dataset,transfermarkt-datasets,https://www.transfermarkt.co.uk/sv-werder-bremen_hamburger-sv/index/spielbericht/4634481,154367dfa6d6eb0b86332e332f9df0a080c7ddce,4634481,2026-08-21T16:45:00+02:00
recent-history-hsv.csv,6,1.BL,VfB Stuttgart,Hamburger SV,4:0,,2026-04-12,revision-pinned-dataset,transfermarkt-datasets,https://www.transfermarkt.co.uk/vfb-stuttgart_hamburger-sv/index/spielbericht/4634462,154367dfa6d6eb0b86332e332f9df0a080c7ddce,4634462,2026-08-21T16:45:00+02:00
recent-history-hsv.csv,7,1.BL,Hamburger SV,FC Augsburg,1:1,,2026-04-04,revision-pinned-dataset,transfermarkt-datasets,https://www.transfermarkt.co.uk/hamburger-sv_fc-augsburg/index/spielbericht/4634449,154367dfa6d6eb0b86332e332f9df0a080c7ddce,4634449,2026-08-21T16:45:00+02:00
recent-history-m05.csv,1,1.BL,1. FC Heidenheim 1846,FSV Mainz 05,0:2,,2026-05-16,revision-pinned-dataset,transfermarkt-datasets,https://www.transfermarkt.co.uk/1-fc-heidenheim-1846_1-fsv-mainz-05/index/spielbericht/4634557,154367dfa6d6eb0b86332e332f9df0a080c7ddce,4634557,2026-08-21T16:45:00+02:00
recent-history-m05.csv,2,1.BL,FSV Mainz 05,1. FC Union Berlin,1:3,,2026-05-10,revision-pinned-dataset,transfermarkt-datasets,https://www.transfermarkt.co.uk/1-fsv-mainz-05_1-fc-union-berlin/index/spielbericht/4634532,154367dfa6d6eb0b86332e332f9df0a080c7ddce,4634532,2026-08-21T16:45:00+02:00
recent-history-m05.csv,3,1.BL,FC St. Pauli,FSV Mainz 05,1:2,,2026-05-03,revision-pinned-dataset,transfermarkt-datasets,https://www.transfermarkt.co.uk/fc-st-pauli_1-fsv-mainz-05/index/spielbericht/4634520,154367dfa6d6eb0b86332e332f9df0a080c7ddce,4634520,2026-08-21T16:45:00+02:00
recent-history-m05.csv,4,1.BL,FSV Mainz 05,FC Bayern München,3:4,,2026-04-25,revision-pinned-dataset,transfermarkt-datasets,https://www.transfermarkt.co.uk/1-fsv-mainz-05_bayern-munich/index/spielbericht/4634496,154367dfa6d6eb0b86332e332f9df0a080c7ddce,4634496,2026-08-21T16:45:00+02:00
recent-history-m05.csv,5,1.BL,Bor. Mönchengladbach,FSV Mainz 05,1:1,,2026-04-19,revision-pinned-dataset,transfermarkt-datasets,https://www.transfermarkt.co.uk/borussia-monchengladbach_1-fsv-mainz-05/index/spielbericht/4634482,154367dfa6d6eb0b86332e332f9df0a080c7ddce,4634482,2026-08-21T16:45:00+02:00
recent-history-m05.csv,6,ConfL,Racing Club Strasbourg,FSV Mainz 05,4:0,,2026-04-16,revision-pinned-dataset,transfermarkt-datasets,https://www.transfermarkt.co.uk/spielbericht/index/spielbericht/4805882,154367dfa6d6eb0b86332e332f9df0a080c7ddce,4805882,2026-08-21T16:45:00+02:00
recent-history-m05.csv,7,1.BL,FSV Mainz 05,SC Freiburg,0:1,,2026-04-12,revision-pinned-dataset,transfermarkt-datasets,https://www.transfermarkt.co.uk/1-fsv-mainz-05_sc-freiburg/index/spielbericht/4634460,154367dfa6d6eb0b86332e332f9df0a080c7ddce,4634460,2026-08-21T16:45:00+02:00
recent-history-rbl.csv,1,1.BL,SC Freiburg,RB Leipzig,4:1,,2026-05-16,revision-pinned-dataset,transfermarkt-datasets,https://www.transfermarkt.co.uk/sc-freiburg_rb-leipzig/index/spielbericht/4634552,154367dfa6d6eb0b86332e332f9df0a080c7ddce,4634552,2026-08-21T16:45:00+02:00
recent-history-rbl.csv,2,1.BL,RB Leipzig,FC St. Pauli,2:1,,2026-05-09,revision-pinned-dataset,transfermarkt-datasets,https://www.transfermarkt.co.uk/rb-leipzig_fc-st-pauli/index/spielbericht/4634533,154367dfa6d6eb0b86332e332f9df0a080c7ddce,4634533,2026-08-21T16:45:00+02:00
recent-history-rbl.csv,3,1.BL,Bayer 04 Leverkusen,RB Leipzig,4:1,,2026-05-02,revision-pinned-dataset,transfermarkt-datasets,https://www.transfermarkt.co.uk/bayer-04-leverkusen_rb-leipzig/index/spielbericht/4634514,154367dfa6d6eb0b86332e332f9df0a080c7ddce,4634514,2026-08-21T16:45:00+02:00
recent-history-rbl.csv,4,1.BL,RB Leipzig,1. FC Union Berlin,3:1,,2026-04-24,revision-pinned-dataset,transfermarkt-datasets,https://www.transfermarkt.co.uk/rb-leipzig_1-fc-union-berlin/index/spielbericht/4634497,154367dfa6d6eb0b86332e332f9df0a080c7ddce,4634497,2026-08-21T16:45:00+02:00
recent-history-rbl.csv,5,1.BL,Eintracht Frankfurt,RB Leipzig,1:3,,2026-04-18,revision-pinned-dataset,transfermarkt-datasets,https://www.transfermarkt.co.uk/eintracht-frankfurt_rb-leipzig/index/spielbericht/4634479,154367dfa6d6eb0b86332e332f9df0a080c7ddce,4634479,2026-08-21T16:45:00+02:00
recent-history-rbl.csv,6,1.BL,RB Leipzig,Bor. Mönchengladbach,1:0,,2026-04-11,revision-pinned-dataset,transfermarkt-datasets,https://www.transfermarkt.co.uk/rb-leipzig_borussia-monchengladbach/index/spielbericht/4634461,154367dfa6d6eb0b86332e332f9df0a080c7ddce,4634461,2026-08-21T16:45:00+02:00
recent-history-rbl.csv,7,1.BL,Werder Bremen,RB Leipzig,1:2,,2026-04-04,revision-pinned-dataset,transfermarkt-datasets,https://www.transfermarkt.co.uk/sv-werder-bremen_rb-leipzig/index/spielbericht/4634444,154367dfa6d6eb0b86332e332f9df0a080c7ddce,4634444,2026-08-21T16:45:00+02:00
recent-history-s04.csv,1,2.BL,FC Schalke 04,Eintracht Braunschweig,1:0,,2026-05-17,captured-odbl-response,OpenLigaDB,https://api.openligadb.de/getmatchdata/bl2/2025,83dbea21fe56c30ed2393dd888efede627cbdf7b26c5694f14753cf792af6a84,78250,2026-08-21T16:45:00+02:00
recent-history-s04.csv,2,2.BL,1. FC Nürnberg,FC Schalke 04,3:0,,2026-05-09,captured-odbl-response,OpenLigaDB,https://api.openligadb.de/getmatchdata/bl2/2025,83dbea21fe56c30ed2393dd888efede627cbdf7b26c5694f14753cf792af6a84,78240,2026-08-21T16:45:00+02:00
recent-history-s04.csv,3,2.BL,FC Schalke 04,Fortuna Düsseldorf,1:0,,2026-05-02,captured-odbl-response,OpenLigaDB,https://api.openligadb.de/getmatchdata/bl2/2025,83dbea21fe56c30ed2393dd888efede627cbdf7b26c5694f14753cf792af6a84,78232,2026-08-21T16:45:00+02:00
recent-history-s04.csv,4,2.BL,SC Paderborn 07,FC Schalke 04,2:3,,2026-04-26,captured-odbl-response,OpenLigaDB,https://api.openligadb.de/getmatchdata/bl2/2025,83dbea21fe56c30ed2393dd888efede627cbdf7b26c5694f14753cf792af6a84,78218,2026-08-21T16:45:00+02:00
recent-history-s04.csv,5,2.BL,FC Schalke 04,Preußen Münster,4:1,,2026-04-19,captured-odbl-response,OpenLigaDB,https://api.openligadb.de/getmatchdata/bl2/2025,83dbea21fe56c30ed2393dd888efede627cbdf7b26c5694f14753cf792af6a84,78213,2026-08-21T16:45:00+02:00
recent-history-s04.csv,6,2.BL,SV Elversberg,FC Schalke 04,1:2,,2026-04-12,captured-odbl-response,OpenLigaDB,https://api.openligadb.de/getmatchdata/bl2/2025,83dbea21fe56c30ed2393dd888efede627cbdf7b26c5694f14753cf792af6a84,78200,2026-08-21T16:45:00+02:00
recent-history-s04.csv,7,2.BL,FC Schalke 04,Karlsruher SC,1:0,,2026-04-05,captured-odbl-response,OpenLigaDB,https://api.openligadb.de/getmatchdata/bl2/2025,83dbea21fe56c30ed2393dd888efede627cbdf7b26c5694f14753cf792af6a84,78195,2026-08-21T16:45:00+02:00
recent-history-scf.csv,1,EL,SC Freiburg,Aston Villa,0:3,,2026-05-20,official-match-record,UEFA,https://www.uefa.com/uefaeuropaleague/match/2047743/,UEFA-match-2047743,2047743,2026-08-21T16:45:00+02:00
recent-history-scf.csv,2,1.BL,SC Freiburg,RB Leipzig,4:1,,2026-05-16,revision-pinned-dataset,transfermarkt-datasets,https://www.transfermarkt.co.uk/sc-freiburg_rb-leipzig/index/spielbericht/4634552,154367dfa6d6eb0b86332e332f9df0a080c7ddce,4634552,2026-08-21T16:45:00+02:00
recent-history-scf.csv,3,1.BL,Hamburger SV,SC Freiburg,3:2,,2026-05-10,revision-pinned-dataset,transfermarkt-datasets,https://www.transfermarkt.co.uk/hamburger-sv_sc-freiburg/index/spielbericht/4634539,154367dfa6d6eb0b86332e332f9df0a080c7ddce,4634539,2026-08-21T16:45:00+02:00
recent-history-scf.csv,4,EL,SC Freiburg,Sporting Braga,3:1,,2026-05-07,revision-pinned-dataset,transfermarkt-datasets,https://www.transfermarkt.co.uk/spielbericht/index/spielbericht/4805930,154367dfa6d6eb0b86332e332f9df0a080c7ddce,4805930,2026-08-21T16:45:00+02:00
recent-history-scf.csv,5,1.BL,SC Freiburg,VfL Wolfsburg,1:1,,2026-05-03,revision-pinned-dataset,transfermarkt-datasets,https://www.transfermarkt.co.uk/sc-freiburg_vfl-wolfsburg/index/spielbericht/4634516,154367dfa6d6eb0b86332e332f9df0a080c7ddce,4634516,2026-08-21T16:45:00+02:00
recent-history-scf.csv,6,EL,Sporting Braga,SC Freiburg,2:1,,2026-04-30,revision-pinned-dataset,transfermarkt-datasets,https://www.transfermarkt.co.uk/spielbericht/index/spielbericht/4805928,154367dfa6d6eb0b86332e332f9df0a080c7ddce,4805928,2026-08-21T16:45:00+02:00
recent-history-scf.csv,7,1.BL,Borussia Dortmund,SC Freiburg,4:0,,2026-04-26,revision-pinned-dataset,transfermarkt-datasets,https://www.transfermarkt.co.uk/borussia-dortmund_sc-freiburg/index/spielbericht/4634495,154367dfa6d6eb0b86332e332f9df0a080c7ddce,4634495,2026-08-21T16:45:00+02:00
recent-history-scp.csv,1,Releg,SC Paderborn 07,VfL Wolfsburg,2:1,nach Verlängerung,2026-05-25,captured-odbl-response,OpenLigaDB,https://api.openligadb.de/getmatchdata/rel/2025,0cbe277ed6539364eb4f9f2122e4af33e2e10a5797e159382b27908a74e08d8e,81659,2026-08-21T16:45:00+02:00
recent-history-scp.csv,2,Releg,VfL Wolfsburg,SC Paderborn 07,0:0,,2026-05-21,captured-odbl-response,OpenLigaDB,https://api.openligadb.de/getmatchdata/rel/2025,0cbe277ed6539364eb4f9f2122e4af33e2e10a5797e159382b27908a74e08d8e,81658,2026-08-21T16:45:00+02:00
recent-history-scp.csv,3,2.BL,SV Darmstadt 98,SC Paderborn 07,0:2,,2026-05-17,captured-odbl-response,OpenLigaDB,https://api.openligadb.de/getmatchdata/bl2/2025,83dbea21fe56c30ed2393dd888efede627cbdf7b26c5694f14753cf792af6a84,78248,2026-08-21T16:45:00+02:00
recent-history-scp.csv,4,2.BL,SC Paderborn 07,Karlsruher SC,2:2,,2026-05-08,captured-odbl-response,OpenLigaDB,https://api.openligadb.de/getmatchdata/bl2/2025,83dbea21fe56c30ed2393dd888efede627cbdf7b26c5694f14753cf792af6a84,78237,2026-08-21T16:45:00+02:00
recent-history-scp.csv,5,2.BL,SV Elversberg,SC Paderborn 07,5:1,,2026-05-03,captured-odbl-response,OpenLigaDB,https://api.openligadb.de/getmatchdata/bl2/2025,83dbea21fe56c30ed2393dd888efede627cbdf7b26c5694f14753cf792af6a84,78227,2026-08-21T16:45:00+02:00
recent-history-scp.csv,6,2.BL,SC Paderborn 07,FC Schalke 04,2:3,,2026-04-26,captured-odbl-response,OpenLigaDB,https://api.openligadb.de/getmatchdata/bl2/2025,83dbea21fe56c30ed2393dd888efede627cbdf7b26c5694f14753cf792af6a84,78218,2026-08-21T16:45:00+02:00
recent-history-scp.csv,7,2.BL,Hannover 96,SC Paderborn 07,1:1,,2026-04-18,captured-odbl-response,OpenLigaDB,https://api.openligadb.de/getmatchdata/bl2/2025,83dbea21fe56c30ed2393dd888efede627cbdf7b26c5694f14753cf792af6a84,78211,2026-08-21T16:45:00+02:00
recent-history-sge.csv,1,1.BL,Eintracht Frankfurt,VfB Stuttgart,2:2,,2026-05-16,revision-pinned-dataset,transfermarkt-datasets,https://www.transfermarkt.co.uk/eintracht-frankfurt_vfb-stuttgart/index/spielbericht/4634551,154367dfa6d6eb0b86332e332f9df0a080c7ddce,4634551,2026-08-21T16:45:00+02:00
recent-history-sge.csv,2,1.BL,Borussia Dortmund,Eintracht Frankfurt,3:2,,2026-05-08,revision-pinned-dataset,transfermarkt-datasets,https://www.transfermarkt.co.uk/borussia-dortmund_eintracht-frankfurt/index/spielbericht/4634531,154367dfa6d6eb0b86332e332f9df0a080c7ddce,4634531,2026-08-21T16:45:00+02:00
recent-history-sge.csv,3,1.BL,Eintracht Frankfurt,Hamburger SV,1:2,,2026-05-02,revision-pinned-dataset,transfermarkt-datasets,https://www.transfermarkt.co.uk/eintracht-frankfurt_hamburger-sv/index/spielbericht/4634515,154367dfa6d6eb0b86332e332f9df0a080c7ddce,4634515,2026-08-21T16:45:00+02:00
recent-history-sge.csv,4,1.BL,FC Augsburg,Eintracht Frankfurt,1:1,,2026-04-25,revision-pinned-dataset,transfermarkt-datasets,https://www.transfermarkt.co.uk/fc-augsburg_eintracht-frankfurt/index/spielbericht/4634500,154367dfa6d6eb0b86332e332f9df0a080c7ddce,4634500,2026-08-21T16:45:00+02:00
recent-history-sge.csv,5,1.BL,Eintracht Frankfurt,RB Leipzig,1:3,,2026-04-18,revision-pinned-dataset,transfermarkt-datasets,https://www.transfermarkt.co.uk/eintracht-frankfurt_rb-leipzig/index/spielbericht/4634479,154367dfa6d6eb0b86332e332f9df0a080c7ddce,4634479,2026-08-21T16:45:00+02:00
recent-history-sge.csv,6,1.BL,VfL Wolfsburg,Eintracht Frankfurt,1:2,,2026-04-11,revision-pinned-dataset,transfermarkt-datasets,https://www.transfermarkt.co.uk/vfl-wolfsburg_eintracht-frankfurt/index/spielbericht/4634463,154367dfa6d6eb0b86332e332f9df0a080c7ddce,4634463,2026-08-21T16:45:00+02:00
recent-history-sge.csv,7,1.BL,Eintracht Frankfurt,1. FC Köln,2:2,,2026-04-05,revision-pinned-dataset,transfermarkt-datasets,https://www.transfermarkt.co.uk/eintracht-frankfurt_1-fc-koln/index/spielbericht/4634442,154367dfa6d6eb0b86332e332f9df0a080c7ddce,4634442,2026-08-21T16:45:00+02:00
recent-history-sve.csv,1,2.BL,SV Elversberg,Preußen Münster,3:0,,2026-05-17,captured-odbl-response,OpenLigaDB,https://api.openligadb.de/getmatchdata/bl2/2025,83dbea21fe56c30ed2393dd888efede627cbdf7b26c5694f14753cf792af6a84,78244,2026-08-21T16:45:00+02:00
recent-history-sve.csv,2,2.BL,Fortuna Düsseldorf,SV Elversberg,3:1,,2026-05-10,captured-odbl-response,OpenLigaDB,https://api.openligadb.de/getmatchdata/bl2/2025,83dbea21fe56c30ed2393dd888efede627cbdf7b26c5694f14753cf792af6a84,78238,2026-08-21T16:45:00+02:00
recent-history-sve.csv,3,2.BL,SV Elversberg,SC Paderborn 07,5:1,,2026-05-03,captured-odbl-response,OpenLigaDB,https://api.openligadb.de/getmatchdata/bl2/2025,83dbea21fe56c30ed2393dd888efede627cbdf7b26c5694f14753cf792af6a84,78227,2026-08-21T16:45:00+02:00
recent-history-sve.csv,4,2.BL,SV Darmstadt 98,SV Elversberg,3:3,,2026-04-25,captured-odbl-response,OpenLigaDB,https://api.openligadb.de/getmatchdata/bl2/2025,83dbea21fe56c30ed2393dd888efede627cbdf7b26c5694f14753cf792af6a84,78224,2026-08-21T16:45:00+02:00
recent-history-sve.csv,5,2.BL,SV Elversberg,Karlsruher SC,3:0,,2026-04-17,captured-odbl-response,OpenLigaDB,https://api.openligadb.de/getmatchdata/bl2/2025,83dbea21fe56c30ed2393dd888efede627cbdf7b26c5694f14753cf792af6a84,78209,2026-08-21T16:45:00+02:00
recent-history-sve.csv,6,2.BL,SV Elversberg,FC Schalke 04,1:2,,2026-04-12,captured-odbl-response,OpenLigaDB,https://api.openligadb.de/getmatchdata/bl2/2025,83dbea21fe56c30ed2393dd888efede627cbdf7b26c5694f14753cf792af6a84,78200,2026-08-21T16:45:00+02:00
recent-history-sve.csv,7,2.BL,Hannover 96,SV Elversberg,1:1,,2026-04-05,captured-odbl-response,OpenLigaDB,https://api.openligadb.de/getmatchdata/bl2/2025,83dbea21fe56c30ed2393dd888efede627cbdf7b26c5694f14753cf792af6a84,78193,2026-08-21T16:45:00+02:00
recent-history-svw.csv,1,1.BL,Werder Bremen,Borussia Dortmund,0:2,,2026-05-16,revision-pinned-dataset,transfermarkt-datasets,https://www.transfermarkt.co.uk/sv-werder-bremen_borussia-dortmund/index/spielbericht/4634553,154367dfa6d6eb0b86332e332f9df0a080c7ddce,4634553,2026-08-21T16:45:00+02:00
recent-history-svw.csv,2,1.BL,1899 Hoffenheim,Werder Bremen,1:0,,2026-05-09,revision-pinned-dataset,transfermarkt-datasets,https://www.transfermarkt.co.uk/tsg-1899-hoffenheim_sv-werder-bremen/index/spielbericht/4634537,154367dfa6d6eb0b86332e332f9df0a080c7ddce,4634537,2026-08-21T16:45:00+02:00
recent-history-svw.csv,3,1.BL,Werder Bremen,FC Augsburg,1:3,,2026-05-02,revision-pinned-dataset,transfermarkt-datasets,https://www.transfermarkt.co.uk/sv-werder-bremen_fc-augsburg/index/spielbericht/4634517,154367dfa6d6eb0b86332e332f9df0a080c7ddce,4634517,2026-08-21T16:45:00+02:00
recent-history-svw.csv,4,1.BL,VfB Stuttgart,Werder Bremen,1:1,,2026-04-26,revision-pinned-dataset,transfermarkt-datasets,https://www.transfermarkt.co.uk/vfb-stuttgart_sv-werder-bremen/index/spielbericht/4634498,154367dfa6d6eb0b86332e332f9df0a080c7ddce,4634498,2026-08-21T16:45:00+02:00
recent-history-svw.csv,5,1.BL,Werder Bremen,Hamburger SV,3:1,,2026-04-18,revision-pinned-dataset,transfermarkt-datasets,https://www.transfermarkt.co.uk/sv-werder-bremen_hamburger-sv/index/spielbericht/4634481,154367dfa6d6eb0b86332e332f9df0a080c7ddce,4634481,2026-08-21T16:45:00+02:00
recent-history-svw.csv,6,1.BL,1. FC Köln,Werder Bremen,3:1,,2026-04-12,revision-pinned-dataset,transfermarkt-datasets,https://www.transfermarkt.co.uk/1-fc-koln_sv-werder-bremen/index/spielbericht/4634467,154367dfa6d6eb0b86332e332f9df0a080c7ddce,4634467,2026-08-21T16:45:00+02:00
recent-history-svw.csv,7,1.BL,Werder Bremen,RB Leipzig,1:2,,2026-04-04,revision-pinned-dataset,transfermarkt-datasets,https://www.transfermarkt.co.uk/sv-werder-bremen_rb-leipzig/index/spielbericht/4634444,154367dfa6d6eb0b86332e332f9df0a080c7ddce,4634444,2026-08-21T16:45:00+02:00
recent-history-tsg.csv,1,1.BL,Bor. Mönchengladbach,1899 Hoffenheim,4:0,,2026-05-16,revision-pinned-dataset,transfermarkt-datasets,https://www.transfermarkt.co.uk/borussia-monchengladbach_tsg-1899-hoffenheim/index/spielbericht/4634554,154367dfa6d6eb0b86332e332f9df0a080c7ddce,4634554,2026-08-21T16:45:00+02:00
recent-history-tsg.csv,2,1.BL,1899 Hoffenheim,Werder Bremen,1:0,,2026-05-09,revision-pinned-dataset,transfermarkt-datasets,https://www.transfermarkt.co.uk/tsg-1899-hoffenheim_sv-werder-bremen/index/spielbericht/4634537,154367dfa6d6eb0b86332e332f9df0a080c7ddce,4634537,2026-08-21T16:45:00+02:00
recent-history-tsg.csv,3,1.BL,1899 Hoffenheim,VfB Stuttgart,3:3,,2026-05-02,revision-pinned-dataset,transfermarkt-datasets,https://www.transfermarkt.co.uk/tsg-1899-hoffenheim_vfb-stuttgart/index/spielbericht/4634521,154367dfa6d6eb0b86332e332f9df0a080c7ddce,4634521,2026-08-21T16:45:00+02:00
recent-history-tsg.csv,4,1.BL,Hamburger SV,1899 Hoffenheim,1:2,,2026-04-25,revision-pinned-dataset,transfermarkt-datasets,https://www.transfermarkt.co.uk/hamburger-sv_tsg-1899-hoffenheim/index/spielbericht/4634503,154367dfa6d6eb0b86332e332f9df0a080c7ddce,4634503,2026-08-21T16:45:00+02:00
recent-history-tsg.csv,5,1.BL,1899 Hoffenheim,Borussia Dortmund,2:1,,2026-04-18,revision-pinned-dataset,transfermarkt-datasets,https://www.transfermarkt.co.uk/tsg-1899-hoffenheim_borussia-dortmund/index/spielbericht/4634485,154367dfa6d6eb0b86332e332f9df0a080c7ddce,4634485,2026-08-21T16:45:00+02:00
recent-history-tsg.csv,6,1.BL,FC Augsburg,1899 Hoffenheim,2:2,,2026-04-10,revision-pinned-dataset,transfermarkt-datasets,https://www.transfermarkt.co.uk/fc-augsburg_tsg-1899-hoffenheim/index/spielbericht/4634464,154367dfa6d6eb0b86332e332f9df0a080c7ddce,4634464,2026-08-21T16:45:00+02:00
recent-history-tsg.csv,7,1.BL,1899 Hoffenheim,FSV Mainz 05,1:2,,2026-04-04,revision-pinned-dataset,transfermarkt-datasets,https://www.transfermarkt.co.uk/tsg-1899-hoffenheim_1-fsv-mainz-05/index/spielbericht/4634448,154367dfa6d6eb0b86332e332f9df0a080c7ddce,4634448,2026-08-21T16:45:00+02:00
recent-history-vfb.csv,1,DFB,FC Bayern München,VfB Stuttgart,3:0,,2026-05-23,captured-odbl-response,OpenLigaDB,https://api.openligadb.de/getmatchdata/dfb/2025,9d16d5d30e5882c592ec4d8b39b592ea0f102c2e2695da98897f76a87b6ec2a3,81581,2026-08-21T16:45:00+02:00
recent-history-vfb.csv,2,1.BL,Eintracht Frankfurt,VfB Stuttgart,2:2,,2026-05-16,revision-pinned-dataset,transfermarkt-datasets,https://www.transfermarkt.co.uk/eintracht-frankfurt_vfb-stuttgart/index/spielbericht/4634551,154367dfa6d6eb0b86332e332f9df0a080c7ddce,4634551,2026-08-21T16:45:00+02:00
recent-history-vfb.csv,3,1.BL,VfB Stuttgart,Bayer 04 Leverkusen,3:1,,2026-05-09,revision-pinned-dataset,transfermarkt-datasets,https://www.transfermarkt.co.uk/vfb-stuttgart_bayer-04-leverkusen/index/spielbericht/4634534,154367dfa6d6eb0b86332e332f9df0a080c7ddce,4634534,2026-08-21T16:45:00+02:00
recent-history-vfb.csv,4,1.BL,1899 Hoffenheim,VfB Stuttgart,3:3,,2026-05-02,revision-pinned-dataset,transfermarkt-datasets,https://www.transfermarkt.co.uk/tsg-1899-hoffenheim_vfb-stuttgart/index/spielbericht/4634521,154367dfa6d6eb0b86332e332f9df0a080c7ddce,4634521,2026-08-21T16:45:00+02:00
recent-history-vfb.csv,5,1.BL,VfB Stuttgart,Werder Bremen,1:1,,2026-04-26,revision-pinned-dataset,transfermarkt-datasets,https://www.transfermarkt.co.uk/vfb-stuttgart_sv-werder-bremen/index/spielbericht/4634498,154367dfa6d6eb0b86332e332f9df0a080c7ddce,4634498,2026-08-21T16:45:00+02:00
recent-history-vfb.csv,6,DFB,VfB Stuttgart,SC Freiburg,2:1,nach Verlängerung,2026-04-23,revision-pinned-dataset,transfermarkt-datasets,https://www.transfermarkt.co.uk/spielbericht/index/spielbericht/4830556,154367dfa6d6eb0b86332e332f9df0a080c7ddce,4830556,2026-08-21T16:45:00+02:00
recent-history-vfb.csv,7,1.BL,FC Bayern München,VfB Stuttgart,4:2,,2026-04-19,revision-pinned-dataset,transfermarkt-datasets,https://www.transfermarkt.co.uk/bayern-munich_vfb-stuttgart/index/spielbericht/4634477,154367dfa6d6eb0b86332e332f9df0a080c7ddce,4634477,2026-08-21T16:45:00+02:00
